,,,,,,,,,,,,,,FTP DL,,,,,,,,,FTP UL,,,,,,,,,Capacity DL,,,,,,,,,Capacity UL,,,,,,,,,SpeedTest,,,,,,,,,,,,,,,,,,HTTP DL Transfer,,,,,,,HTTP UL Transfer,,,,,,,Browsing,,,,,,,,,Ping Test,,,,,,Youtube,,,,,,,,,,,,,,,Instagram Post Picture,,,,,,Instagram Post Video,,,,,,Whatsapp Call,,,,,,,,,,,Whatsapp Message,,,,SMS Onnet,,,SMS Offnet,,,Voice Call Onnet,,,,,,,,,,,,,,,Voice Call Offnet,,,,,,,,,,,,,,,Average Voice Call,,,,,,,,,,,,,,,Signal Strenght 5G,,Signal Qualty 5G,,Signal Qualty 5G,,Signal Strenght 4G,,Signal Qualty 4G,,Signal Qualty 4G,,Signal Strenght 2G,,Signal Quality 2G,,Bad Signal Strenght 5G,,,Bad Signal Qualty 5G,,,Bad Signal Qualty 5G,,,Bad Signal Strenght 4G,,,Bad Signal Qualty 4G,,,Bad Signal Qualty 4G,,,Bad Signal Strenght 2G,,,Bad Signal Quality 2G,,,,Detail Value 5G,,,,,,,,,,,Detail Value 4G,,,,,,,,,,,Detail Value 2G,,,,,,,,,,,,,
No.,Kode Provinsi,Provinsi,Kode Kabupaten / Kota,Kabupaten / Kota,Jenis Tes,Collection,Kecamatan,Desa,Lokasi Pengukuran,Event,PMT / UPT,Tanggal Pengukuran,Operator,FTP DL Attempts,FTP DL Success Attempts,FTP DL Success (%),Average FTP DL (Mbps),Median FTP DL (Mbps),Max FTP DL (Mbps),Min FTP DL (Mbps),Rank Average DL Speed (Mbps),Rank Median DL Speed (Mbps),FTP UL Attempts,FTP UL Success Attempts,FTP UL Success (%),Average FTP UL Speed (Mbps),Median FTP UL Speed (Mbps),Max FTP UL Speed (Mbps),Min FTP UL Speed (Mbps),Rank Average UL Speed (Mbps),Rank Median UL Speed (Mbps),Capacity DL Attempts,Capacity DL Success Attempts, Capacity Test DL Success (%),Average Capacity Test DL (Mbps),Median Capacity Test DL  (Mbps),Max Capacity Test DL  (Mbps),Min Capacity Test DL  (Mbps),Rank Average DL (Mbps),Rank Median DL (Mbps),Capacity UL Attempts,Capacity UL Success Attempts, Capacity Test UL Success (%),Average Capacity Test UL (Mbps),Median Capacity Test UL  (Mbps),Max Capacity Test UL  (Mbps),Min Capacity Test UL  (Mbps),Rank Average UL (Mbps),Rank Median UL (Mbps),Speed Test Attemps,Speed Test Success Attemps,Speed Test DL Success (%),Average Speed Test DL Speed (Mbps),Median Speed Test DL (Mbps),Max Speed Test DL (Mbps),Min Speed Test DL (Mbps),"Round Trip Time (RTT)
(ms)",Speed Test UL Success (%),Average Speed Test UL Speed (Mbps),Median Speed Test UL (Mbps),Max Speed Test UL (Mbps),Min Speed Test UL (Mbps),"Round Trip Time (RTT)
(ms)",Rank Average DL Speed (Mbps),Rank Average UL Speed (Mbps),Rank Median DL Speed (Mbps),Rank Median UL Speed (Mbps),HTTP DL Attemps,HTTP DL Success Attemps,HTTP DL DL Success (%),Average HTTP DL DL Speed (Mbps),Median HTTP DL DL (Mbps),Rank Average DL Speed (Mbps),Rank Median DL Speed (Mbps),HTTP UL Attemps,HTTP UL Success Attemps,HTTP UL DL Success (%),Average HTTP UL UL Speed (Mbps),Median HTTP UL UL (Mbps),Rank Average UL Speed (Mbps),Rank Median UL Speed (Mbps),Browsing Attemps,Browsing Success Attemps,Browsing Success (%),Average Browsing Speed (Mbps),Max Browsing Speed (Mbps),Min Browsing Speed (Mbps),Browsing Duration (Sec),Browsing RTT (,Rank Browsing Speed (Mbps),Ping Attemps,Ping Success Attemps,Ping Success (%),Packet Loss (%),Average RTT Latency (ms),Persentase RTT Latency <= 250ms,Video Attempts,Video Success Attempts,Youtube SR (%),Average TTFP (s),Average TTFP > 10 Second (%),Average Visual Quality,"Average Freezing Time Ratio
(%)",Average Jerkiness,Quality 144p (%),Quality 240p (%),Quality 360p (%),Quality 480p (%),Quality 720p (%),Quality 1080p / HD (%),Quality 1440p / 2K (%),IG Post Picture Attemps,IG Post Picture Success Attemps,IG Post Picture SR (%),Average IG Post Picture Speed (Mbps),Average IG Post Picture Duration (s),"IG Post Picture Duration > 15 s
(%)",IG Post Video Attemps,IG Post Video Success Attemps,IG Post Video SR (%),Average IG Post Video Speed (Mbps),Average IG Post Video Duration (s),"IG Post Video Duration > 15 s
(%)",WA Call Attempts,WA Call Blocked,WA Call Dropped,WA Call Success (%),WA Call Blocked (%),WA Call Dropped (%),WA Call Average MOS,WA Call MOS >= 1.6 (%),WA Call MOS < 1.6 (%),WA Call Average CST,WA Call CST < 13 Sec (%),WA Message Send Attempts,WA Message Send Failed,WA Message Send Success (%),WA Message Average Duration Send (s),SMS Send Attempts (Onnet),SMS Receive < 1 Minutes (Onnet),SMS Receive< 1 Minutes (Onnet) (%),SMS Send Attempts (Offnet),SMS Receive < 1 Minutes (Offnet),SMS Receive (%) < 1 Minutes (Offnet),Call Attempts (Onnet),Blocked Call (Onnet),Dropped Call (Onnet),Success Call (%) (Onnet),Blocked Call (%) (Onnet),Dropped Call (%) (Onnet),MOS Attempts (Onnet),MOS < 1.6 Attempts (Onnet),Average MOS (Onnet),MOS >= 1.6 (Onnet) (%) ,MOS < 1.6 (Onnet) (%),CST Attempts (Onnet),CST Attempts < 13 Sec (Onnet),Average CST (Onnet),CST < 13 Detik (%) (Onnet),Call Attempts (Offnet),Blocked Call (Offnet),Dropped Call (Offnet),Success Call (%) (Offnet),Blocked Call (%) (Offnet),Dropped Call (%) (Offnet),MOS Attempts (Offnet),MOS < 1.6 Attempts (Offnet),Average MOS (Offnet),MOS >= 1.6 (Offnet) (%) ,MOS < 1.6 (Offnet) (%),CST Attempts (Offnet),CST Attempts < 13 Sec (Offnet),Average CST (Offnet),CST < 13 Detik (%) (Offnet),Call Attempts,Blocked Call,Dropped Call,Success Call (%),Blocked Call (%),Dropped Call (%),MOS Attempts,MOS < 1.6 Attempts,Average MOS,MOS >= 1.6 (%) ,MOS < 1.6 (%),CST Attempts,CST Attempts < 13 Sec,Average CST,CST < 13 Detik (%),Average SS-RSRP,Category,Average SS-RSRQ,Category,Average SS-SINR,Category,Average RSRP,Category,Average RSRQ,Category,Average SINR,Category,Average RX Level,Category,Average RX Qual,Category,Total SS-RSRP Sample,Bad SS-RSRP Sample,Bad SS-RSRP (%),Total SS-RSRQ Sample,Bad SS-RSRQ Sample,Bad SS-RSRQ (%),Total SS-SINR Sample,Bad SS-SINR Sample,Bad SS-SINR (%),Total RSRP Sample,Bad RSRP Sample,Bad RSRP (%),Total RSRQ Sample,Bad RSRQ Sample,Bad RSRQ (%),Total SINR Sample,Bad SINR Sample,Bad SINR (%),Total RxLev Sample,Bad RxLev Sample,Bad RxLev (%),Total RxQual Sample,Bad RxQual Sample,Bad RxQual (%),-,Average FTP DL (Mbps),Average FTP UL (Mbps),Average Capacity DL (Mbps),Average Capacity UL (Mbps),Average Speed Test DL (Mbps),Average Speed Test UL (Mbps),Average HTTP DL (Mbps),Average HTTP UL (Mbps),"Average PING Latency/RTT
(ms)",Average IG Post Picture Speed (Mbps),Average IG Post Video Speed (Mbps),Average FTP DL (Mbps),Average FTP UL (Mbps),Average Capacity DL (Mbps),Average Capacity UL (Mbps),Average Speed Test DL (Mbps),Average Speed Test UL (Mbps),Average HTTP DL (Mbps),Average HTTP UL (Mbps),"Average PING Latency/RTT
(ms)",Average IG Post Picture Speed (Mbps),Average IG Post Video Speed (Mbps),Average FTP DL (Mbps),Average FTP UL (Mbps),Average Capacity DL (Mbps),Average Capacity UL (Mbps),Average Speed Test DL (Mbps),Average Speed Test UL (Mbps),Average HTTP DL (Mbps),Average HTTP UL (Mbps),"Average PING Latency/RTT
(ms)",Average IG Post Picture Speed (Mbps),Average IG Post Video Speed (Mbps),Lat,Long,Distance (Km)
1,74,Sulawesi Tenggara,7411,Kolaka Timur,DT,20260212 DT Kab. Kolaka Timur,-,-,DT Kab. Kolaka Timur,Reguler,Loka Kendari,12-Feb-2026,IOH,0,0,No Data,No Data,No Data,No Data,No Data,No Data,No Data,0,0,No Data,No Data,No Data,No Data,No Data,No Data,No Data,0,0,No Data,No Data,No Data,No Data,No Data,No Data,No Data,0,0,No Data,No Data,No Data,No Data,No Data,No Data,No Data,12,12,100.00,96.39,113.45,159.00,15.70,42.50,100.00,28.56,27.60,52.30,0.67,42.50,1,2,1,2,0,0,No Data,No Data,No Data,No Data,No Data,0,0,No Data,No Data,No Data,No Data,No Data,12,9,75.00,4.60,9.28,0.53,5.17,91.89,3,12,12,100.00,0.00,110.69,100.00,12,10,83.33,1.71,0.00,4.14,0.05,0.05,0.00,0.00,0.00,0.00,0.00,100.00,0.00,0,0,No Data,No Data,No Data,No Data,0,0,No Data,No Data,No Data,No Data,27,1,0,96.30,3.70,0.00,3.74,98.51,1.49,2.39,96.15,50,0,100.00,0.52,0,0,No Data,0,0,No Data,0,0,0,No Data,No Data,No Data,No Data,No Data,No Data,No Data,No Data,No Data,No Data,No Data,No Data,0,0,0,No Data,No Data,No Data,No Data,No Data,No Data,No Data,No Data,No Data,No Data,No Data,No Data,0,0,0,No Data,No Data,No Data,0,0,No Data,No Data,No Data,0,0,No Data,No Data,No Data,No Data,No Data,No Data,No Data,No Data,-103.41,Cukup,-12.55,Cukup,6.85,Kurang,-94.93,Cukup,3.0,Baik,0.00,0.00,No Data,0.00,0.00,No Data,0.00,0.00,No Data,80855,36576,45.24,80855,14034,17.36,77417,41741,53.92,565,59,10.44,62,23,37.10,0.00,No Data,No Data,No Data,No Data,No Data,No Data,No Data,No Data,No Data,No Data,No Data,No Data,No Data,No Data,No Data,96.39,28.56,No Data,No Data,No Data,No Data,No Data,No Data,No Data,No Data,No Data,No Data,No Data,No Data,No Data,No Data,No Data,No Data,-4.346268,122.003514,382.465
2,74,Sulawesi Tenggara,7411,Kolaka Timur,DT,20260212 DT Kab. Kolaka Timur,-,-,DT Kab. Kolaka Timur,Reguler,Loka Kendari,12-Feb-2026,TSEL,0,0,No Data,No Data,No Data,No Data,No Data,No Data,No Data,0,0,No Data,No Data,No Data,No Data,No Data,No Data,No Data,0,0,No Data,No Data,No Data,No Data,No Data,No Data,No Data,0,0,No Data,No Data,No Data,No Data,No Data,No Data,No Data,31,31,100.00,94.08,75.80,281.00,23.60,30.06,100.00,31.58,32.50,71.10,0.37,30.06,2,1,3,1,0,0,No Data,No Data,No Data,No Data,No Data,0,0,No Data,No Data,No Data,No Data,No Data,31,31,100.00,7.72,14.55,4.08,1.91,34.13,2,31,31,100.00,0.00,63.66,100.00,31,31,100.00,1.08,0.00,4.35,0.00,0.00,0.00,0.00,0.00,3.23,0.00,96.77,0.00,0,0,No Data,No Data,No Data,No Data,0,0,No Data,No Data,No Data,No Data,31,0,0,100.00,0.00,0.00,3.85,92.86,7.14,1.54,100.00,26,0,100.00,0.53,0,0,No Data,0,0,No Data,0,0,0,No Data,No Data,No Data,No Data,No Data,No Data,No Data,No Data,No Data,No Data,No Data,No Data,0,0,0,No Data,No Data,No Data,No Data,No Data,No Data,No Data,No Data,No Data,No Data,No Data,No Data,0,0,0,No Data,No Data,No Data,0,0,No Data,No Data,No Data,0,0,No Data,No Data,No Data,No Data,No Data,No Data,No Data,No Data,-100.78,Baik,-12.63,Cukup,7.36,Kurang,-99.27,Cukup,3.5,Baik,0.00,0.00,No Data,0.00,0.00,No Data,0.00,0.00,No Data,131011,50700,38.70,131011,19393,14.80,68473,39349,57.47,353,218,61.76,54,17,31.48,0.00,No Data,No Data,No Data,No Data,No Data,No Data,No Data,No Data,No Data,No Data,No Data,No Data,No Data,No Data,No Data,94.08,31.58,No Data,No Data,No Data,No Data,No Data,No Data,No Data,No Data,No Data,No Data,No Data,No Data,No Data,No Data,No Data,No Data,-4.346268,122.003514,191.009
3,74,Sulawesi Tenggara,7411,Kolaka Timur,DT,20260212 DT Kab. Kolaka Timur,-,-,DT Kab. Kolaka Timur,Reguler,Loka Kendari,12-Feb-2026,XLS,0,0,No Data,No Data,No Data,No Data,No Data,No Data,No Data,0,0,No Data,No Data,No Data,No Data,No Data,No Data,No Data,0,0,No Data,No Data,No Data,No Data,No Data,No Data,No Data,0,0,No Data,No Data,No Data,No Data,No Data,No Data,No Data,13,12,92.31,84.27,112.00,127.00,4.69,48.25,92.31,22.52,10.72,80.50,0.54,48.25,3,3,2,3,0,0,No Data,No Data,No Data,No Data,No Data,0,0,No Data,No Data,No Data,No Data,No Data,12,8,66.67,8.99,11.69,4.27,2.17,56.25,1,12,12,100.00,0.00,98.58,100.00,13,12,92.31,1.50,0.00,4.32,0.00,0.00,0.00,0.00,0.00,0.00,16.67,83.33,0.00,0,0,No Data,No Data,No Data,No Data,0,0,No Data,No Data,No Data,No Data,12,1,0,91.67,8.33,0.00,3.62,93.33,6.67,1.72,100.00,20,0,100.00,0.57,0,0,No Data,0,0,No Data,0,0,0,No Data,No Data,No Data,No Data,No Data,No Data,No Data,No Data,No Data,No Data,No Data,No Data,0,0,0,No Data,No Data,No Data,No Data,No Data,No Data,No Data,No Data,No Data,No Data,No Data,No Data,0,0,0,No Data,No Data,No Data,0,0,No Data,No Data,No Data,0,0,No Data,No Data,No Data,No Data,No Data,No Data,No Data,No Data,-104.65,Cukup,-11.22,Baik,7.61,Kurang,-83.47,Baik Sekali,2.8,Baik,0.00,0.00,No Data,0.00,0.00,No Data,0.00,0.00,No Data,31305,18435,58.89,31305,2813,8.99,22678,12795,56.42,7289,241,3.31,39,14,35.90,0.00,No Data,No Data,No Data,No Data,No Data,No Data,No Data,No Data,No Data,No Data,No Data,No Data,No Data,No Data,No Data,77.78,20.79,No Data,No Data,No Data,No Data,No Data,No Data,No Data,No Data,No Data,No Data,No Data,No Data,No Data,No Data,No Data,No Data,-4.346268,122.003514,202.445
4,74,Sulawesi Tenggara,7411,Kolaka Timur,ST,20260212 ST Lapangan Tirawuta Kab. Kolaka Timur,-,-,ST Lapangan Tirawuta,Reguler,Loka Kendari,12-Feb-2026,IOH,0,0,No Data,No Data,No Data,No Data,No Data,No Data,No Data,0,0,No Data,No Data,No Data,No Data,No Data,No Data,No Data,0,0,No Data,No Data,No Data,No Data,No Data,No Data,No Data,0,0,No Data,No Data,No Data,No Data,No Data,No Data,No Data,7,7,100.00,90.36,96.30,113.00,66.90,38.43,100.00,21.26,19.20,28.00,15.70,38.43,2,3,2,3,0,0,No Data,No Data,No Data,No Data,No Data,0,0,No Data,No Data,No Data,No Data,No Data,7,1,14.29,4.34,4.34,4.34,2.71,68.00,2,7,7,100.00,0.00,114.27,100.00,7,7,100.00,1.96,0.00,4.20,0.00,0.00,0.00,0.00,0.00,14.29,42.86,42.86,0.00,0,0,No Data,No Data,No Data,No Data,0,0,No Data,No Data,No Data,No Data,6,0,0,100.00,0.00,0.00,3.69,100.00,0.00,1.87,100.00,16,0,100.00,0.58,0,0,No Data,0,0,No Data,0,0,0,No Data,No Data,No Data,No Data,No Data,No Data,No Data,No Data,No Data,No Data,No Data,No Data,0,0,0,No Data,No Data,No Data,No Data,No Data,No Data,No Data,No Data,No Data,No Data,No Data,No Data,0,0,0,No Data,No Data,No Data,0,0,No Data,No Data,No Data,0,0,No Data,No Data,No Data,No Data,No Data,No Data,No Data,No Data,-96.06,Baik,-12.57,Cukup,13.82,Cukup,No Data,No Data,No Data,No Data,0.00,0.00,No Data,0.00,0.00,No Data,0.00,0.00,No Data,17589,258,1.47,17589,464,2.64,16004,439,2.74,0,0,No Data,0,0,No Data,0.00,No Data,No Data,No Data,No Data,No Data,No Data,No Data,No Data,No Data,No Data,No Data,No Data,No Data,No Data,No Data,90.36,21.26,No Data,No Data,No Data,No Data,No Data,No Data,No Data,No Data,No Data,No Data,No Data,No Data,No Data,No Data,No Data,No Data,-4.045748,121.895336,0.013
5,74,Sulawesi Tenggara,7411,Kolaka Timur,ST,20260212 ST Lapangan Tirawuta Kab. Kolaka Timur,-,-,ST Lapangan Tirawuta,Reguler,Loka Kendari,12-Feb-2026,TSEL,0,0,No Data,No Data,No Data,No Data,No Data,No Data,No Data,0,0,No Data,No Data,No Data,No Data,No Data,No Data,No Data,0,0,No Data,No Data,No Data,No Data,No Data,No Data,No Data,0,0,No Data,No Data,No Data,No Data,No Data,No Data,No Data,11,11,100.00,80.31,76.30,158.00,51.00,29.00,100.00,45.50,41.90,72.40,32.40,29.00,3,1,3,1,0,0,No Data,No Data,No Data,No Data,No Data,0,0,No Data,No Data,No Data,No Data,No Data,11,11,100.00,6.38,7.13,5.70,1.81,33.73,1,11,11,100.00,0.00,61.15,100.00,11,11,100.00,1.01,0.00,4.38,0.00,0.00,0.00,0.00,0.00,0.00,0.00,100.00,0.00,0,0,No Data,No Data,No Data,No Data,0,0,No Data,No Data,No Data,No Data,10,0,0,100.00,0.00,0.00,4.15,100.00,0.00,1.37,100.00,10,0,100.00,0.51,0,0,No Data,0,0,No Data,0,0,0,No Data,No Data,No Data,No Data,No Data,No Data,No Data,No Data,No Data,No Data,No Data,No Data,0,0,0,No Data,No Data,No Data,No Data,No Data,No Data,No Data,No Data,No Data,No Data,No Data,No Data,0,0,0,No Data,No Data,No Data,0,0,No Data,No Data,No Data,0,0,No Data,No Data,No Data,No Data,No Data,No Data,No Data,No Data,-91.12,Baik Sekali,-13.88,Cukup,2.15,Kurang,No Data,No Data,No Data,No Data,0.00,0.00,No Data,0.00,0.00,No Data,0.00,0.00,No Data,16622,5,0.03,16622,4229,25.44,11894,10948,92.05,0,0,No Data,0,0,No Data,0.00,No Data,No Data,No Data,No Data,No Data,No Data,No Data,No Data,No Data,No Data,No Data,No Data,No Data,No Data,No Data,80.31,45.50,No Data,No Data,No Data,No Data,No Data,No Data,No Data,No Data,No Data,No Data,No Data,No Data,No Data,No Data,No Data,No Data,-4.045748,121.895336,0.02
6,74,Sulawesi Tenggara,7411,Kolaka Timur,ST,20260212 ST Lapangan Tirawuta Kab. Kolaka Timur,-,-,ST Lapangan Tirawuta,Reguler,Loka Kendari,12-Feb-2026,XLS,0,0,No Data,No Data,No Data,No Data,No Data,No Data,No Data,0,0,No Data,No Data,No Data,No Data,No Data,No Data,No Data,0,0,No Data,No Data,No Data,No Data,No Data,No Data,No Data,0,0,No Data,No Data,No Data,No Data,No Data,No Data,No Data,11,11,100.00,116.36,115.00,125.00,109.00,37.18,100.00,32.34,31.80,39.80,27.40,37.18,1,2,1,2,0,0,No Data,No Data,No Data,No Data,No Data,0,0,No Data,No Data,No Data,No Data,No Data,11,0,0.00,No Data,0.00,0.00,No Data,No Data,No Data,11,11,100.00,0.00,102.91,100.00,11,11,100.00,1.08,0.00,4.37,0.00,0.00,0.00,0.00,0.00,0.00,0.00,100.00,0.00,0,0,No Data,No Data,No Data,No Data,0,0,No Data,No Data,No Data,No Data,10,0,0,100.00,0.00,0.00,3.68,100.00,0.00,1.66,100.00,20,0,100.00,0.50,0,0,No Data,0,0,No Data,0,0,0,No Data,No Data,No Data,No Data,No Data,No Data,No Data,No Data,No Data,No Data,No Data,No Data,0,0,0,No Data,No Data,No Data,No Data,No Data,No Data,No Data,No Data,No Data,No Data,No Data,No Data,0,0,0,No Data,No Data,No Data,0,0,No Data,No Data,No Data,0,0,No Data,No Data,No Data,No Data,No Data,No Data,No Data,No Data,-96.16,Baik,-10.81,Baik,17.84,Baik,No Data,No Data,No Data,No Data,0.00,0.00,No Data,0.00,0.00,No Data,0.00,0.00,No Data,19141,288,1.50,19141,536,2.80,13282,147,1.11,0,0,No Data,0,0,No Data,0.00,No Data,No Data,No Data,No Data,No Data,No Data,No Data,No Data,No Data,No Data,No Data,No Data,No Data,No Data,No Data,116.36,32.34,No Data,No Data,No Data,No Data,No Data,No Data,No Data,No Data,No Data,No Data,No Data,No Data,No Data,No Data,No Data,No Data,-4.045748,121.895336,0.02
7,74,Sulawesi Tenggara,7411,Kolaka Timur,ST,20260212 ST RSUD Koltim Kab. Kolaka Timur,-,-,ST RSUD Koltim,Reguler,Loka Kendari,12-Feb-2026,IOH,0,0,No Data,No Data,No Data,No Data,No Data,No Data,No Data,0,0,No Data,No Data,No Data,No Data,No Data,No Data,No Data,0,0,No Data,No Data,No Data,No Data,No Data,No Data,No Data,0,0,No Data,No Data,No Data,No Data,No Data,No Data,No Data,11,7,63.64,155.03,156.00,198.00,92.20,27.14,63.64,47.03,48.10,57.40,31.40,27.14,1,1,1,2,0,0,No Data,No Data,No Data,No Data,No Data,0,0,No Data,No Data,No Data,No Data,No Data,10,0,0.00,No Data,0.00,0.00,No Data,No Data,No Data,10,10,100.00,0.00,95.69,100.00,10,10,100.00,1.68,0.00,4.47,0.00,0.00,0.00,0.00,0.00,0.00,10.00,90.00,0.00,0,0,No Data,No Data,No Data,No Data,0,0,No Data,No Data,No Data,No Data,7,0,0,100.00,0.00,0.00,3.79,100.00,0.00,2.11,100.00,22,4,81.82,0.44,0,0,No Data,0,0,No Data,0,0,0,No Data,No Data,No Data,No Data,No Data,No Data,No Data,No Data,No Data,No Data,No Data,No Data,0,0,0,No Data,No Data,No Data,No Data,No Data,No Data,No Data,No Data,No Data,No Data,No Data,No Data,0,0,0,No Data,No Data,No Data,0,0,No Data,No Data,No Data,0,0,No Data,No Data,No Data,No Data,No Data,No Data,No Data,No Data,-81.16,Baik Sekali,-10.73,Baik,17.35,Baik,No Data,No Data,No Data,No Data,0.00,0.00,No Data,0.00,0.00,No Data,0.00,0.00,No Data,20830,0,0.00,20830,0,0.00,19453,132,0.68,0,0,No Data,0,0,No Data,0.00,No Data,No Data,No Data,No Data,No Data,No Data,No Data,No Data,No Data,No Data,No Data,No Data,No Data,No Data,No Data,98.65,29.93,No Data,No Data,No Data,No Data,No Data,No Data,No Data,No Data,No Data,No Data,No Data,No Data,No Data,No Data,No Data,No Data,-4.154679,121.915875,0.007
8,74,Sulawesi Tenggara,7411,Kolaka Timur,ST,20260212 ST RSUD Koltim Kab. Kolaka Timur,-,-,ST RSUD Koltim,Reguler,Loka Kendari,12-Feb-2026,TSEL,0,0,No Data,No Data,No Data,No Data,No Data,No Data,No Data,0,0,No Data,No Data,No Data,No Data,No Data,No Data,No Data,0,0,No Data,No Data,No Data,No Data,No Data,No Data,No Data,0,0,No Data,No Data,No Data,No Data,No Data,No Data,No Data,11,11,100.00,51.64,51.10,61.70,35.60,27.27,100.00,46.80,49.40,54.70,34.80,27.27,2,2,2,1,0,0,No Data,No Data,No Data,No Data,No Data,0,0,No Data,No Data,No Data,No Data,No Data,11,11,100.00,4.26,6.99,0.51,3.97,29.27,1,11,11,100.00,0.00,63.74,100.00,11,11,100.00,3.02,0.00,4.02,0.00,0.00,0.00,9.09,18.18,9.09,18.18,45.45,0.00,0,0,No Data,No Data,No Data,No Data,0,0,No Data,No Data,No Data,No Data,11,0,0,100.00,0.00,0.00,4.07,100.00,0.00,1.43,100.00,11,0,100.00,0.49,0,0,No Data,0,0,No Data,0,0,0,No Data,No Data,No Data,No Data,No Data,No Data,No Data,No Data,No Data,No Data,No Data,No Data,0,0,0,No Data,No Data,No Data,No Data,No Data,No Data,No Data,No Data,No Data,No Data,No Data,No Data,0,0,0,No Data,No Data,No Data,0,0,No Data,No Data,No Data,0,0,No Data,No Data,No Data,No Data,No Data,No Data,No Data,No Data,-88.73,Baik Sekali,-12.17,Cukup,9.01,Cukup,No Data,No Data,No Data,No Data,0.00,0.00,No Data,0.00,0.00,No Data,0.00,0.00,No Data,7156,0,0.00,7156,0,0.00,7144,2378,33.29,0,0,No Data,0,0,No Data,0.00,No Data,No Data,No Data,No Data,No Data,No Data,No Data,No Data,No Data,No Data,No Data,No Data,No Data,No Data,No Data,51.64,46.80,No Data,No Data,No Data,No Data,No Data,No Data,No Data,No Data,No Data,No Data,No Data,No Data,No Data,No Data,No Data,No Data,-4.154679,121.915875,0.001
9,74,Sulawesi Tenggara,7411,Kolaka Timur,ST,20260212 ST RSUD Koltim Kab. Kolaka Timur,-,-,ST RSUD Koltim,Reguler,Loka Kendari,12-Feb-2026,XLS,0,0,No Data,No Data,No Data,No Data,No Data,No Data,No Data,0,0,No Data,No Data,No Data,No Data,No Data,No Data,No Data,0,0,No Data,No Data,No Data,No Data,No Data,No Data,No Data,0,0,No Data,No Data,No Data,No Data,No Data,No Data,No Data,11,11,100.00,7.05,6.47,10.60,5.02,82.18,100.00,1.25,1.38,2.02,0.36,82.18,3,3,3,3,0,0,No Data,No Data,No Data,No Data,No Data,0,0,No Data,No Data,No Data,No Data,No Data,11,0,0.00,No Data,0.00,0.00,No Data,No Data,No Data,11,11,100.00,0.00,108.74,100.00,11,9,81.82,4.13,11.11,3.80,0.01,0.02,11.11,22.22,0.00,11.11,11.11,44.44,0.00,0,0,No Data,No Data,No Data,No Data,0,0,No Data,No Data,No Data,No Data,7,1,0,85.71,14.29,0.00,3.70,100.00,0.00,1.66,100.00,16,0,100.00,0.62,0,0,No Data,0,0,No Data,0,0,0,No Data,No Data,No Data,No Data,No Data,No Data,No Data,No Data,No Data,No Data,No Data,No Data,0,0,0,No Data,No Data,No Data,No Data,No Data,No Data,No Data,No Data,No Data,No Data,No Data,No Data,0,0,0,No Data,No Data,No Data,0,0,No Data,No Data,No Data,0,0,No Data,No Data,No Data,No Data,No Data,No Data,No Data,No Data,-119.45,Kurang,-13.99,Cukup,-0.89,Kurang,-63.46,Baik Sekali,No Data,No Data,0.00,0.00,No Data,0.00,0.00,No Data,0.00,0.00,No Data,8795,8795,100.00,8795,750,8.53,8721,8721,100.00,957,0,0.00,0,0,No Data,0.00,No Data,No Data,No Data,No Data,No Data,No Data,No Data,No Data,No Data,No Data,No Data,No Data,No Data,No Data,No Data,7.05,1.25,No Data,No Data,No Data,No Data,No Data,No Data,No Data,No Data,No Data,No Data,No Data,No Data,No Data,No Data,No Data,No Data,-4.154679,121.915875,0.005
10,74,Sulawesi Tenggara,7402,Konawe,DT,20260213 DT Kab. Konawe,-,-,DT Kab. Konawe,Reguler,Loka Kendari,13-Feb-2026,IOH,0,0,No Data,No Data,No Data,No Data,No Data,No Data,No Data,0,0,No Data,No Data,No Data,No Data,No Data,No Data,No Data,0,0,No Data,No Data,No Data,No Data,No Data,No Data,No Data,0,0,No Data,No Data,No Data,No Data,No Data,No Data,No Data,61,58,95.08,108.01,105.50,287.00,4.41,48.48,95.08,25.43,21.00,63.30,0.06,48.48,2,3,3,3,0,0,No Data,No Data,No Data,No Data,No Data,0,0,No Data,No Data,No Data,No Data,No Data,64,62,96.88,6.73,16.71,0.46,3.15,81.97,3,64,61,95.31,4.69,102.88,98.36,61,59,96.72,2.02,1.69,4.30,0.00,0.01,0.00,1.69,1.69,0.00,11.86,84.75,0.00,0,0,No Data,No Data,No Data,No Data,0,0,No Data,No Data,No Data,No Data,78,4,0,94.87,5.13,0.00,3.79,97.94,2.06,1.95,100.00,79,0,100.00,1.20,0,0,No Data,0,0,No Data,0,0,0,No Data,No Data,No Data,No Data,No Data,No Data,No Data,No Data,No Data,No Data,No Data,No Data,0,0,0,No Data,No Data,No Data,No Data,No Data,No Data,No Data,No Data,No Data,No Data,No Data,No Data,0,0,0,No Data,No Data,No Data,0,0,No Data,No Data,No Data,0,0,No Data,No Data,No Data,No Data,No Data,No Data,No Data,No Data,-97.71,Baik,-11.39,Baik,9.18,Cukup,-91.47,Baik,4.6,Cukup,0.00,0.00,No Data,0.00,0.00,No Data,0.00,0.00,No Data,185520,54237,29.24,185520,20161,10.87,166727,71429,42.84,595,194,32.61,31,17,54.84,0.00,No Data,No Data,No Data,No Data,No Data,No Data,No Data,No Data,No Data,No Data,No Data,No Data,No Data,No Data,No Data,102.70,24.18,No Data,No Data,No Data,No Data,No Data,No Data,No Data,No Data,No Data,No Data,No Data,No Data,No Data,No Data,No Data,No Data,-3.924845,122.659875,483.26
11,74,Sulawesi Tenggara,7402,Konawe,DT,20260213 DT Kab. Konawe,-,-,DT Kab. Konawe,Reguler,Loka Kendari,13-Feb-2026,TSEL,0,0,No Data,No Data,No Data,No Data,No Data,No Data,No Data,0,0,No Data,No Data,No Data,No Data,No Data,No Data,No Data,0,0,No Data,No Data,No Data,No Data,No Data,No Data,No Data,0,0,No Data,No Data,No Data,No Data,No Data,No Data,No Data,97,91,93.81,134.15,120.00,361.00,2.99,33.70,93.81,31.96,34.40,110.00,0.03,33.70,1,2,1,1,0,0,No Data,No Data,No Data,No Data,No Data,0,0,No Data,No Data,No Data,No Data,No Data,98,96,97.96,8.70,16.37,0.36,3.58,47.27,2,99,97,97.98,2.02,81.40,96.91,97,89,91.75,1.51,0.00,4.31,0.00,0.01,0.00,1.12,0.00,1.12,3.37,94.38,0.00,0,0,No Data,No Data,No Data,No Data,0,0,No Data,No Data,No Data,No Data,94,1,0,98.94,1.06,0.00,3.97,98.86,1.14,1.45,100.00,87,2,97.70,1.24,0,0,No Data,0,0,No Data,0,0,0,No Data,No Data,No Data,No Data,No Data,No Data,No Data,No Data,No Data,No Data,No Data,No Data,0,0,0,No Data,No Data,No Data,No Data,No Data,No Data,No Data,No Data,No Data,No Data,No Data,No Data,0,0,0,No Data,No Data,No Data,0,0,No Data,No Data,No Data,0,0,No Data,No Data,No Data,No Data,No Data,No Data,No Data,No Data,-97.81,Baik,-11.15,Baik,9.61,Cukup,-86.76,Baik,1.8,Baik Sekali,0.00,0.00,No Data,0.00,0.00,No Data,0.00,0.00,No Data,179762,53203,29.60,179762,14265,7.94,118155,52776,44.67,1237,225,18.19,228,39,17.11,0.00,No Data,No Data,No Data,No Data,No Data,No Data,No Data,No Data,No Data,No Data,No Data,No Data,No Data,No Data,No Data,125.85,29.99,No Data,No Data,No Data,No Data,No Data,No Data,No Data,No Data,No Data,No Data,No Data,No Data,No Data,No Data,No Data,No Data,-3.924845,122.659875,275.57
12,74,Sulawesi Tenggara,7402,Konawe,DT,20260213 DT Kab. Konawe,-,-,DT Kab. Konawe,Reguler,Loka Kendari,13-Feb-2026,XLS,0,0,No Data,No Data,No Data,No Data,No Data,No Data,No Data,0,0,No Data,No Data,No Data,No Data,No Data,No Data,No Data,0,0,No Data,No Data,No Data,No Data,No Data,No Data,No Data,0,0,No Data,No Data,No Data,No Data,No Data,No Data,No Data,89,84,94.38,90.01,109.00,130.00,10.70,79.00,94.38,42.14,28.60,124.00,0.09,79.00,3,1,2,2,0,0,No Data,No Data,No Data,No Data,No Data,0,0,No Data,No Data,No Data,No Data,No Data,90,89,98.89,9.95,15.91,1.23,2.44,68.06,1,92,87,94.57,5.43,131.17,98.85,89,87,97.75,1.90,3.45,4.27,0.01,0.02,0.00,0.00,1.15,3.45,6.90,88.51,0.00,0,0,No Data,No Data,No Data,No Data,0,0,No Data,No Data,No Data,No Data,98,2,0,97.96,2.04,0.00,3.71,97.74,2.26,1.93,100.00,91,2,97.80,0.81,0,0,No Data,0,0,No Data,0,0,0,No Data,No Data,No Data,No Data,No Data,No Data,No Data,No Data,No Data,No Data,No Data,No Data,0,0,0,No Data,No Data,No Data,No Data,No Data,No Data,No Data,No Data,No Data,No Data,No Data,No Data,0,0,0,No Data,No Data,No Data,0,0,No Data,No Data,No Data,0,0,No Data,No Data,No Data,No Data,No Data,No Data,No Data,No Data,-98.00,Baik,-10.29,Baik,11.84,Cukup,-82.68,Baik Sekali,2.8,Baik,0.00,0.00,No Data,0.00,0.00,No Data,0.00,0.00,No Data,212844,71994,33.82,212844,9863,4.63,142459,49201,34.54,2238,80,3.57,55,17,30.91,0.00,No Data,No Data,No Data,No Data,No Data,No Data,No Data,No Data,No Data,No Data,No Data,No Data,No Data,No Data,No Data,84.95,39.77,No Data,No Data,No Data,No Data,No Data,No Data,No Data,No Data,No Data,No Data,No Data,No Data,No Data,No Data,No Data,No Data,-3.924845,122.659875,537.136
13,74,Sulawesi Tenggara,7402,Konawe,ST,20260213 ST Alunalun Unaaha Kab. Konawe,-,-,ST Alunalun Unaaha,Reguler,Loka Kendari,13-Feb-2026,IOH,0,0,No Data,No Data,No Data,No Data,No Data,No Data,No Data,0,0,No Data,No Data,No Data,No Data,No Data,No Data,No Data,0,0,No Data,No Data,No Data,No Data,No Data,No Data,No Data,0,0,No Data,No Data,No Data,No Data,No Data,No Data,No Data,12,12,100.00,110.78,115.00,129.00,39.30,49.92,100.00,29.51,26.30,43.90,24.10,49.92,1,2,1,3,0,0,No Data,No Data,No Data,No Data,No Data,0,0,No Data,No Data,No Data,No Data,No Data,12,12,100.00,7.20,12.17,3.73,2.54,70.08,3,12,12,100.00,0.00,106.30,100.00,12,12,100.00,1.33,0.00,4.38,0.00,0.00,0.00,0.00,0.00,0.00,0.00,100.00,0.00,0,0,No Data,No Data,No Data,No Data,0,0,No Data,No Data,No Data,No Data,12,0,0,100.00,0.00,0.00,3.37,94.12,5.88,1.65,100.00,11,0,100.00,1.57,0,0,No Data,0,0,No Data,0,0,0,No Data,No Data,No Data,No Data,No Data,No Data,No Data,No Data,No Data,No Data,No Data,No Data,0,0,0,No Data,No Data,No Data,No Data,No Data,No Data,No Data,No Data,No Data,No Data,No Data,No Data,0,0,0,No Data,No Data,No Data,0,0,No Data,No Data,No Data,0,0,No Data,No Data,No Data,No Data,No Data,No Data,No Data,No Data,-92.75,Baik,-11.85,Baik,7.02,Kurang,No Data,No Data,No Data,No Data,0.00,0.00,No Data,0.00,0.00,No Data,0.00,0.00,No Data,28537,687,2.41,28537,7257,25.43,25462,11835,46.48,0,0,No Data,0,0,No Data,0.00,No Data,No Data,No Data,No Data,No Data,No Data,No Data,No Data,No Data,No Data,No Data,No Data,No Data,No Data,No Data,110.78,29.51,No Data,No Data,No Data,No Data,No Data,No Data,No Data,No Data,No Data,No Data,No Data,No Data,No Data,No Data,No Data,No Data,-3.857595,122.042556,0.166
14,74,Sulawesi Tenggara,7402,Konawe,ST,20260213 ST Alunalun Unaaha Kab. Konawe,-,-,ST Alunalun Unaaha,Reguler,Loka Kendari,13-Feb-2026,TSEL,0,0,No Data,No Data,No Data,No Data,No Data,No Data,No Data,0,0,No Data,No Data,No Data,No Data,No Data,No Data,No Data,0,0,No Data,No Data,No Data,No Data,No Data,No Data,No Data,0,0,No Data,No Data,No Data,No Data,No Data,No Data,No Data,13,13,100.00,35.39,47.50,58.40,9.44,30.23,100.00,26.20,31.20,40.10,9.59,30.23,3,3,3,2,0,0,No Data,No Data,No Data,No Data,No Data,0,0,No Data,No Data,No Data,No Data,No Data,13,13,100.00,7.70,11.48,1.14,2.57,28.08,2,13,13,100.00,0.00,60.16,100.00,13,12,92.31,1.72,0.00,4.12,0.03,0.03,0.00,8.33,0.00,0.00,16.67,75.00,0.00,0,0,No Data,No Data,No Data,No Data,0,0,No Data,No Data,No Data,No Data,13,0,0,100.00,0.00,0.00,3.95,96.15,3.85,1.41,100.00,13,0,100.00,0.54,0,0,No Data,0,0,No Data,0,0,0,No Data,No Data,No Data,No Data,No Data,No Data,No Data,No Data,No Data,No Data,No Data,No Data,0,0,0,No Data,No Data,No Data,No Data,No Data,No Data,No Data,No Data,No Data,No Data,No Data,No Data,0,0,0,No Data,No Data,No Data,0,0,No Data,No Data,No Data,0,0,No Data,No Data,No Data,No Data,No Data,No Data,No Data,No Data,-101.37,Baik,-15.59,Cukup,-1.76,Kurang,No Data,No Data,No Data,No Data,0.00,0.00,No Data,0.00,0.00,No Data,0.00,0.00,No Data,24189,6223,25.73,24189,9908,40.96,16993,16992,99.99,0,0,No Data,0,0,No Data,0.00,No Data,No Data,No Data,No Data,No Data,No Data,No Data,No Data,No Data,No Data,No Data,No Data,No Data,No Data,No Data,35.39,26.20,No Data,No Data,No Data,No Data,No Data,No Data,No Data,No Data,No Data,No Data,No Data,No Data,No Data,No Data,No Data,No Data,-3.857595,122.042556,0
15,74,Sulawesi Tenggara,7402,Konawe,ST,20260213 ST Alunalun Unaaha Kab. Konawe,-,-,ST Alunalun Unaaha,Reguler,Loka Kendari,13-Feb-2026,XLS,0,0,No Data,No Data,No Data,No Data,No Data,No Data,No Data,0,0,No Data,No Data,No Data,No Data,No Data,No Data,No Data,0,0,No Data,No Data,No Data,No Data,No Data,No Data,No Data,0,0,No Data,No Data,No Data,No Data,No Data,No Data,No Data,13,13,100.00,86.38,86.10,124.00,54.20,70.46,100.00,52.45,52.90,56.30,49.00,70.46,2,1,2,1,0,0,No Data,No Data,No Data,No Data,No Data,0,0,No Data,No Data,No Data,No Data,No Data,13,13,100.00,9.75,13.22,3.58,2.04,60.92,1,13,13,100.00,0.00,85.87,100.00,13,13,100.00,1.39,0.00,4.38,0.00,0.00,0.00,0.00,0.00,0.00,7.69,92.31,0.00,0,0,No Data,No Data,No Data,No Data,0,0,No Data,No Data,No Data,No Data,13,0,0,100.00,0.00,0.00,3.87,100.00,0.00,1.67,100.00,13,0,100.00,0.77,0,0,No Data,0,0,No Data,0,0,0,No Data,No Data,No Data,No Data,No Data,No Data,No Data,No Data,No Data,No Data,No Data,No Data,0,0,0,No Data,No Data,No Data,No Data,No Data,No Data,No Data,No Data,No Data,No Data,No Data,No Data,0,0,0,No Data,No Data,No Data,0,0,No Data,No Data,No Data,0,0,No Data,No Data,No Data,No Data,No Data,No Data,No Data,No Data,-94.08,Baik,-13.03,Cukup,1.49,Kurang,No Data,No Data,No Data,No Data,0.00,0.00,No Data,0.00,0.00,No Data,0.00,0.00,No Data,39591,7,0.02,39591,8494,21.45,21062,20189,95.86,0,0,No Data,0,0,No Data,0.00,No Data,No Data,No Data,No Data,No Data,No Data,No Data,No Data,No Data,No Data,No Data,No Data,No Data,No Data,No Data,86.38,52.45,No Data,No Data,No Data,No Data,No Data,No Data,No Data,No Data,No Data,No Data,No Data,No Data,No Data,No Data,No Data,No Data,-3.857595,122.042556,0.044
16,74,Sulawesi Tenggara,7402,Konawe,ST,20260213 ST RSUD Unaaha Kab. Konawe,-,-,ST RSUD Unaaha,Reguler,Loka Kendari,13-Feb-2026,IOH,0,0,No Data,No Data,No Data,No Data,No Data,No Data,No Data,0,0,No Data,No Data,No Data,No Data,No Data,No Data,No Data,0,0,No Data,No Data,No Data,No Data,No Data,No Data,No Data,0,0,No Data,No Data,No Data,No Data,No Data,No Data,No Data,11,11,100.00,113.00,115.00,120.00,103.00,32.91,100.00,20.26,20.20,25.70,12.80,32.91,3,3,3,3,0,0,No Data,No Data,No Data,No Data,No Data,0,0,No Data,No Data,No Data,No Data,No Data,11,11,100.00,8.29,10.46,6.39,2.25,48.55,3,11,11,100.00,0.00,106.84,100.00,11,11,100.00,1.48,0.00,4.41,0.00,0.00,0.00,0.00,0.00,0.00,0.00,100.00,0.00,0,0,No Data,No Data,No Data,No Data,0,0,No Data,No Data,No Data,No Data,12,0,0,100.00,0.00,0.00,3.88,100.00,0.00,3.17,91.67,10,0,100.00,0.91,0,0,No Data,0,0,No Data,0,0,0,No Data,No Data,No Data,No Data,No Data,No Data,No Data,No Data,No Data,No Data,No Data,No Data,0,0,0,No Data,No Data,No Data,No Data,No Data,No Data,No Data,No Data,No Data,No Data,No Data,No Data,0,0,0,No Data,No Data,No Data,0,0,No Data,No Data,No Data,0,0,No Data,No Data,No Data,No Data,No Data,No Data,No Data,No Data,-93.52,Baik,-10.98,Baik,12.55,Cukup,No Data,No Data,No Data,No Data,0.00,0.00,No Data,0.00,0.00,No Data,0.00,0.00,No Data,25354,350,1.38,25354,55,0.22,24089,1672,6.94,0,0,No Data,0,0,No Data,0.00,No Data,No Data,No Data,No Data,No Data,No Data,No Data,No Data,No Data,No Data,No Data,No Data,No Data,No Data,No Data,113.00,20.26,No Data,No Data,No Data,No Data,No Data,No Data,No Data,No Data,No Data,No Data,No Data,No Data,No Data,No Data,No Data,No Data,-3.868549,122.077956,0.072
17,74,Sulawesi Tenggara,7402,Konawe,ST,20260213 ST RSUD Unaaha Kab. Konawe,-,-,ST RSUD Unaaha,Reguler,Loka Kendari,13-Feb-2026,TSEL,0,0,No Data,No Data,No Data,No Data,No Data,No Data,No Data,0,0,No Data,No Data,No Data,No Data,No Data,No Data,No Data,0,0,No Data,No Data,No Data,No Data,No Data,No Data,No Data,0,0,No Data,No Data,No Data,No Data,No Data,No Data,No Data,13,13,100.00,249.00,249.00,278.00,209.00,28.85,100.00,38.53,38.10,54.70,28.00,28.85,1,2,1,2,0,0,No Data,No Data,No Data,No Data,No Data,0,0,No Data,No Data,No Data,No Data,No Data,14,14,100.00,9.92,12.94,3.29,1.92,23.79,2,14,14,100.00,0.00,60.53,100.00,13,13,100.00,1.09,0.00,4.38,0.00,0.01,0.00,0.00,0.00,0.00,0.00,100.00,0.00,0,0,No Data,No Data,No Data,No Data,0,0,No Data,No Data,No Data,No Data,15,0,0,100.00,0.00,0.00,4.08,100.00,0.00,1.42,100.00,13,0,100.00,0.52,0,0,No Data,0,0,No Data,0,0,0,No Data,No Data,No Data,No Data,No Data,No Data,No Data,No Data,No Data,No Data,No Data,No Data,0,0,0,No Data,No Data,No Data,No Data,No Data,No Data,No Data,No Data,No Data,No Data,No Data,No Data,0,0,0,No Data,No Data,No Data,0,0,No Data,No Data,No Data,0,0,No Data,No Data,No Data,No Data,No Data,No Data,No Data,No Data,-92.35,Baik,-9.96,Baik Sekali,10.86,Cukup,No Data,No Data,No Data,No Data,0.00,0.00,No Data,0.00,0.00,No Data,0.00,0.00,No Data,39300,18,0.05,39300,232,0.59,22095,6106,27.64,0,0,No Data,0,0,No Data,0.00,No Data,No Data,No Data,No Data,No Data,No Data,No Data,No Data,No Data,No Data,No Data,No Data,No Data,No Data,No Data,249.00,38.53,No Data,No Data,No Data,No Data,No Data,No Data,No Data,No Data,No Data,No Data,No Data,No Data,No Data,No Data,No Data,No Data,-3.868549,122.077956,0.026
18,74,Sulawesi Tenggara,7402,Konawe,ST,20260213 ST RSUD Unaaha Kab. Konawe,-,-,ST RSUD Unaaha,Reguler,Loka Kendari,13-Feb-2026,XLS,0,0,No Data,No Data,No Data,No Data,No Data,No Data,No Data,0,0,No Data,No Data,No Data,No Data,No Data,No Data,No Data,0,0,No Data,No Data,No Data,No Data,No Data,No Data,No Data,0,0,No Data,No Data,No Data,No Data,No Data,No Data,No Data,13,13,100.00,117.85,117.00,123.00,116.00,72.23,100.00,75.03,75.10,87.90,66.90,72.23,2,1,2,1,0,0,No Data,No Data,No Data,No Data,No Data,0,0,No Data,No Data,No Data,No Data,No Data,13,13,100.00,10.84,12.47,8.28,1.85,66.08,1,13,13,100.00,0.00,98.14,100.00,13,13,100.00,1.33,0.00,4.40,0.00,0.00,0.00,0.00,0.00,0.00,0.00,100.00,0.00,0,0,No Data,No Data,No Data,No Data,0,0,No Data,No Data,No Data,No Data,15,0,0,100.00,0.00,0.00,3.90,100.00,0.00,1.64,100.00,12,0,100.00,0.79,0,0,No Data,0,0,No Data,0,0,0,No Data,No Data,No Data,No Data,No Data,No Data,No Data,No Data,No Data,No Data,No Data,No Data,0,0,0,No Data,No Data,No Data,No Data,No Data,No Data,No Data,No Data,No Data,No Data,No Data,No Data,0,0,0,No Data,No Data,No Data,0,0,No Data,No Data,No Data,0,0,No Data,No Data,No Data,No Data,No Data,No Data,No Data,No Data,-97.56,Baik,-9.73,Baik Sekali,17.62,Baik,No Data,No Data,No Data,No Data,0.00,0.00,No Data,0.00,0.00,No Data,0.00,0.00,No Data,37695,527,1.40,37695,264,0.70,27923,49,0.18,0,0,No Data,0,0,No Data,0.00,No Data,No Data,No Data,No Data,No Data,No Data,No Data,No Data,No Data,No Data,No Data,No Data,No Data,No Data,No Data,117.85,75.03,No Data,No Data,No Data,No Data,No Data,No Data,No Data,No Data,No Data,No Data,No Data,No Data,No Data,No Data,No Data,No Data,-3.868549,122.077956,0.199
19,74,Sulawesi Tenggara,7471,Kota Kendari,DT,20260219 DT Kota Kendari,-,-,DT Kota Kendari,Reguler,Loka Kendari,19-Feb-2026,IOH,0,0,No Data,No Data,No Data,No Data,No Data,No Data,No Data,0,0,No Data,No Data,No Data,No Data,No Data,No Data,No Data,0,0,No Data,No Data,No Data,No Data,No Data,No Data,No Data,0,0,No Data,No Data,No Data,No Data,No Data,No Data,No Data,67,66,98.51,100.72,94.70,297.00,8.31,41.45,98.51,31.08,30.35,83.60,2.55,41.45,2,3,3,2,0,0,No Data,No Data,No Data,No Data,No Data,0,0,No Data,No Data,No Data,No Data,No Data,68,68,100.00,9.50,15.64,1.36,2.20,63.76,2,68,66,97.06,2.94,96.27,100.00,67,67,100.00,1.64,0.00,4.31,0.00,0.00,0.00,0.00,0.00,1.49,7.46,91.04,0.00,0,0,No Data,No Data,No Data,No Data,0,0,No Data,No Data,No Data,No Data,64,0,0,100.00,0.00,0.00,3.87,98.96,1.04,1.64,100.00,66,0,100.00,1.00,0,0,No Data,0,0,No Data,0,0,0,No Data,No Data,No Data,No Data,No Data,No Data,No Data,No Data,No Data,No Data,No Data,No Data,0,0,0,No Data,No Data,No Data,No Data,No Data,No Data,No Data,No Data,No Data,No Data,No Data,No Data,0,0,0,No Data,No Data,No Data,0,0,No Data,No Data,No Data,0,0,No Data,No Data,No Data,No Data,No Data,No Data,No Data,No Data,-92.89,Baik,-11.13,Baik,7.58,Kurang,-97.14,Cukup,2.7,Baik,0.00,0.00,No Data,0.00,0.00,No Data,0.00,0.00,No Data,165466,19037,11.51,165466,16812,10.16,152960,79391,51.90,107,39,36.45,6,1,16.67,0.00,No Data,No Data,No Data,No Data,No Data,No Data,No Data,No Data,No Data,No Data,No Data,No Data,No Data,No Data,No Data,99.21,30.62,No Data,No Data,No Data,No Data,No Data,No Data,No Data,No Data,No Data,No Data,No Data,No Data,No Data,No Data,No Data,No Data,-4.023359,122.503486,358.244
20,74,Sulawesi Tenggara,7471,Kota Kendari,DT,20260219 DT Kota Kendari,-,-,DT Kota Kendari,Reguler,Loka Kendari,19-Feb-2026,TSEL,0,0,No Data,No Data,No Data,No Data,No Data,No Data,No Data,0,0,No Data,No Data,No Data,No Data,No Data,No Data,No Data,0,0,No Data,No Data,No Data,No Data,No Data,No Data,No Data,0,0,No Data,No Data,No Data,No Data,No Data,No Data,No Data,44,41,93.18,127.60,102.00,369.00,9.53,54.95,93.18,31.18,25.80,79.10,0.67,54.95,1,2,2,3,0,0,No Data,No Data,No Data,No Data,No Data,0,0,No Data,No Data,No Data,No Data,No Data,44,44,100.00,8.57,12.38,0.46,3.19,63.18,3,45,44,97.78,2.22,79.96,100.00,44,44,100.00,1.98,0.00,4.32,0.00,0.00,0.00,0.00,0.00,0.00,6.82,93.18,0.00,0,0,No Data,No Data,No Data,No Data,0,0,No Data,No Data,No Data,No Data,61,0,0,100.00,0.00,0.00,4.06,98.33,1.67,1.50,100.00,62,1,98.39,0.70,0,0,No Data,0,0,No Data,0,0,0,No Data,No Data,No Data,No Data,No Data,No Data,No Data,No Data,No Data,No Data,No Data,No Data,0,0,0,No Data,No Data,No Data,No Data,No Data,No Data,No Data,No Data,No Data,No Data,No Data,No Data,0,0,0,No Data,No Data,No Data,0,0,No Data,No Data,No Data,0,0,No Data,No Data,No Data,No Data,No Data,No Data,No Data,No Data,-90.79,Baik Sekali,-12.40,Cukup,7.07,Kurang,-74.69,Baik Sekali,2.4,Baik,0.00,0.00,No Data,0.00,0.00,No Data,0.00,0.00,No Data,115121,9873,8.58,115121,17118,14.87,75931,43213,56.91,1350,13,0.96,28,9,32.14,0.00,No Data,No Data,No Data,No Data,No Data,No Data,No Data,No Data,No Data,No Data,No Data,No Data,No Data,No Data,No Data,118.90,29.05,No Data,No Data,No Data,No Data,No Data,No Data,No Data,No Data,No Data,No Data,No Data,No Data,No Data,No Data,No Data,No Data,-4.023359,122.503486,178.859
21,74,Sulawesi Tenggara,7471,Kota Kendari,DT,20260219 DT Kota Kendari,-,-,DT Kota Kendari,Reguler,Loka Kendari,19-Feb-2026,XLS,0,0,No Data,No Data,No Data,No Data,No Data,No Data,No Data,0,0,No Data,No Data,No Data,No Data,No Data,No Data,No Data,0,0,No Data,No Data,No Data,No Data,No Data,No Data,No Data,0,0,No Data,No Data,No Data,No Data,No Data,No Data,No Data,75,74,98.67,96.11,113.50,128.00,7.85,51.77,98.67,63.15,63.80,138.00,0.08,51.77,3,1,1,1,0,0,No Data,No Data,No Data,No Data,No Data,0,0,No Data,No Data,No Data,No Data,No Data,76,75,98.68,11.28,15.32,0.29,2.56,53.61,1,76,75,98.68,1.32,94.80,100.00,75,70,93.33,1.52,1.43,4.33,0.01,0.01,0.00,0.00,1.43,0.00,2.86,95.71,0.00,0,0,No Data,No Data,No Data,No Data,0,0,No Data,No Data,No Data,No Data,76,1,0,98.68,1.32,0.00,3.79,97.78,2.22,1.75,100.00,74,0,100.00,0.74,0,0,No Data,0,0,No Data,0,0,0,No Data,No Data,No Data,No Data,No Data,No Data,No Data,No Data,No Data,No Data,No Data,No Data,0,0,0,No Data,No Data,No Data,No Data,No Data,No Data,No Data,No Data,No Data,No Data,No Data,No Data,0,0,0,No Data,No Data,No Data,0,0,No Data,No Data,No Data,0,0,No Data,No Data,No Data,No Data,No Data,No Data,No Data,No Data,-91.36,Baik Sekali,-11.62,Baik,7.89,Kurang,-75.93,Baik Sekali,2.0,Baik,0.00,0.00,No Data,0.00,0.00,No Data,0.00,0.00,No Data,196274,24277,12.37,196274,25914,13.20,128766,68192,52.96,11,0,0.00,3,1,33.33,0.00,No Data,No Data,No Data,No Data,No Data,No Data,No Data,No Data,No Data,No Data,No Data,No Data,No Data,No Data,No Data,94.83,62.31,No Data,No Data,No Data,No Data,No Data,No Data,No Data,No Data,No Data,No Data,No Data,No Data,No Data,No Data,No Data,No Data,-4.023359,122.503486,360.346
22,74,Sulawesi Tenggara,7471,Kota Kendari,ST,20260220 ST Mall Pelayanan Publik Kota Kendari,-,-,ST Mall Pelayanan Publik,Reguler,Loka Kendari,20-Feb-2026,IOH,0,0,No Data,No Data,No Data,No Data,No Data,No Data,No Data,0,0,No Data,No Data,No Data,No Data,No Data,No Data,No Data,0,0,No Data,No Data,No Data,No Data,No Data,No Data,No Data,0,0,No Data,No Data,No Data,No Data,No Data,No Data,No Data,12,12,100.00,86.92,67.05,157.00,41.40,25.17,100.00,24.37,21.25,44.00,14.30,25.17,3,3,3,3,0,0,No Data,No Data,No Data,No Data,No Data,0,0,No Data,No Data,No Data,No Data,No Data,12,12,100.00,12.70,17.50,6.83,1.67,33.08,2,12,10,83.33,16.67,73.30,100.00,12,12,100.00,1.17,0.00,4.38,0.00,0.00,0.00,0.00,0.00,0.00,0.00,100.00,0.00,0,0,No Data,No Data,No Data,No Data,0,0,No Data,No Data,No Data,No Data,12,0,0,100.00,0.00,0.00,3.71,96.97,3.03,2.35,100.00,11,0,100.00,1.30,0,0,No Data,0,0,No Data,0,0,0,No Data,No Data,No Data,No Data,No Data,No Data,No Data,No Data,No Data,No Data,No Data,No Data,0,0,0,No Data,No Data,No Data,No Data,No Data,No Data,No Data,No Data,No Data,No Data,No Data,No Data,0,0,0,No Data,No Data,No Data,0,0,No Data,No Data,No Data,0,0,No Data,No Data,No Data,No Data,No Data,No Data,No Data,No Data,-96.36,Baik,-13.61,Cukup,3.21,Kurang,No Data,No Data,No Data,No Data,0.00,0.00,No Data,0.00,0.00,No Data,0.00,0.00,No Data,39954,727,1.82,39954,17698,44.30,28264,20797,73.58,0,0,No Data,0,0,No Data,0.00,No Data,No Data,No Data,No Data,No Data,No Data,No Data,No Data,No Data,No Data,No Data,No Data,No Data,No Data,No Data,86.92,24.37,No Data,No Data,No Data,No Data,No Data,No Data,No Data,No Data,No Data,No Data,No Data,No Data,No Data,No Data,No Data,No Data,-3.973449,122.511436,0.081
23,74,Sulawesi Tenggara,7471,Kota Kendari,ST,20260220 ST Mall Pelayanan Publik Kota Kendari,-,-,ST Mall Pelayanan Publik,Reguler,Loka Kendari,20-Feb-2026,TSEL,0,0,No Data,No Data,No Data,No Data,No Data,No Data,No Data,0,0,No Data,No Data,No Data,No Data,No Data,No Data,No Data,0,0,No Data,No Data,No Data,No Data,No Data,No Data,No Data,0,0,No Data,No Data,No Data,No Data,No Data,No Data,No Data,11,9,81.82,432.78,433.00,504.00,347.00,54.11,81.82,59.06,58.90,61.80,54.30,54.11,1,2,1,2,0,0,No Data,No Data,No Data,No Data,No Data,0,0,No Data,No Data,No Data,No Data,No Data,11,10,90.91,11.15,12.24,10.06,1.80,59.20,3,11,11,100.00,0.00,74.20,100.00,11,11,100.00,2.01,0.00,4.39,0.00,0.00,0.00,0.00,0.00,0.00,0.00,100.00,0.00,0,0,No Data,No Data,No Data,No Data,0,0,No Data,No Data,No Data,No Data,10,0,0,100.00,0.00,0.00,4.39,100.00,0.00,1.50,100.00,10,0,100.00,1.03,0,0,No Data,0,0,No Data,0,0,0,No Data,No Data,No Data,No Data,No Data,No Data,No Data,No Data,No Data,No Data,No Data,No Data,0,0,0,No Data,No Data,No Data,No Data,No Data,No Data,No Data,No Data,No Data,No Data,No Data,No Data,0,0,0,No Data,No Data,No Data,0,0,No Data,No Data,No Data,0,0,No Data,No Data,No Data,No Data,No Data,No Data,No Data,No Data,-75.68,Baik Sekali,-11.03,Baik,17.83,Baik,No Data,No Data,No Data,No Data,0.00,0.00,No Data,0.00,0.00,No Data,0.00,0.00,No Data,24715,0,0.00,24715,347,1.40,22272,49,0.22,0,0,No Data,0,0,No Data,0.00,No Data,No Data,No Data,No Data,No Data,No Data,No Data,No Data,No Data,No Data,No Data,No Data,No Data,No Data,No Data,354.09,48.32,No Data,No Data,No Data,No Data,No Data,No Data,No Data,No Data,No Data,No Data,No Data,No Data,No Data,No Data,No Data,No Data,-3.973449,122.511436,0.041
24,74,Sulawesi Tenggara,7471,Kota Kendari,ST,20260220 ST Mall Pelayanan Publik Kota Kendari,-,-,ST Mall Pelayanan Publik,Reguler,Loka Kendari,20-Feb-2026,XLS,0,0,No Data,No Data,No Data,No Data,No Data,No Data,No Data,0,0,No Data,No Data,No Data,No Data,No Data,No Data,No Data,0,0,No Data,No Data,No Data,No Data,No Data,No Data,No Data,0,0,No Data,No Data,No Data,No Data,No Data,No Data,No Data,13,13,100.00,116.38,117.00,122.00,112.00,71.46,100.00,103.95,104.00,118.00,84.90,71.46,2,1,2,1,0,0,No Data,No Data,No Data,No Data,No Data,0,0,No Data,No Data,No Data,No Data,No Data,13,13,100.00,12.84,14.07,11.79,1.79,59.23,1,13,13,100.00,0.00,95.57,100.00,13,12,92.31,1.11,0.00,4.34,0.00,0.00,0.00,0.00,0.00,0.00,8.33,91.67,0.00,0,0,No Data,No Data,No Data,No Data,0,0,No Data,No Data,No Data,No Data,13,0,0,100.00,0.00,0.00,4.00,100.00,0.00,1.52,100.00,13,0,100.00,0.74,0,0,No Data,0,0,No Data,0,0,0,No Data,No Data,No Data,No Data,No Data,No Data,No Data,No Data,No Data,No Data,No Data,No Data,0,0,0,No Data,No Data,No Data,No Data,No Data,No Data,No Data,No Data,No Data,No Data,No Data,No Data,0,0,0,No Data,No Data,No Data,0,0,No Data,No Data,No Data,0,0,No Data,No Data,No Data,No Data,No Data,No Data,No Data,No Data,-84.04,Baik Sekali,-8.69,Baik Sekali,21.00,Baik Sekali,No Data,No Data,No Data,No Data,0.00,0.00,No Data,0.00,0.00,No Data,0.00,0.00,No Data,42514,0,0.00,42514,259,0.61,24389,0,0.00,0,0,No Data,0,0,No Data,0.00,No Data,No Data,No Data,No Data,No Data,No Data,No Data,No Data,No Data,No Data,No Data,No Data,No Data,No Data,No Data,116.38,103.95,No Data,No Data,No Data,No Data,No Data,No Data,No Data,No Data,No Data,No Data,No Data,No Data,No Data,No Data,No Data,No Data,-3.973449,122.511436,0.1
25,74,Sulawesi Tenggara,7471,Kota Kendari,ST,20260220 ST Mall The Park Kota Kendari,-,-,ST Mall The Park,Reguler,Loka Kendari,20-Feb-2026,IOH,0,0,No Data,No Data,No Data,No Data,No Data,No Data,No Data,0,0,No Data,No Data,No Data,No Data,No Data,No Data,No Data,0,0,No Data,No Data,No Data,No Data,No Data,No Data,No Data,0,0,No Data,No Data,No Data,No Data,No Data,No Data,No Data,13,12,92.31,82.53,93.55,107.00,71.60,24.27,92.31,28.14,25.75,42.40,22.00,24.27,2,3,2,3,0,0,No Data,No Data,No Data,No Data,No Data,0,0,No Data,No Data,No Data,No Data,No Data,13,13,100.00,11.29,15.28,6.61,1.80,34.92,2,13,13,100.00,0.00,77.74,100.00,13,13,100.00,1.36,0.00,4.37,0.00,0.00,0.00,0.00,0.00,0.00,0.00,100.00,0.00,0,0,No Data,No Data,No Data,No Data,0,0,No Data,No Data,No Data,No Data,12,0,0,100.00,0.00,0.00,4.03,100.00,0.00,2.25,100.00,12,0,100.00,0.65,0,0,No Data,0,0,No Data,0,0,0,No Data,No Data,No Data,No Data,No Data,No Data,No Data,No Data,No Data,No Data,No Data,No Data,0,0,0,No Data,No Data,No Data,No Data,No Data,No Data,No Data,No Data,No Data,No Data,No Data,No Data,0,0,0,No Data,No Data,No Data,0,0,No Data,No Data,No Data,0,0,No Data,No Data,No Data,No Data,No Data,No Data,No Data,No Data,-87.50,Baik Sekali,-9.61,Baik Sekali,10.51,Cukup,No Data,No Data,No Data,No Data,0.00,0.00,No Data,0.00,0.00,No Data,0.00,0.00,No Data,26790,0,0.00,26790,1,0.00,24963,5263,21.08,0,0,No Data,0,0,No Data,0.00,No Data,No Data,No Data,No Data,No Data,No Data,No Data,No Data,No Data,No Data,No Data,No Data,No Data,No Data,No Data,76.18,25.98,No Data,No Data,No Data,No Data,No Data,No Data,No Data,No Data,No Data,No Data,No Data,No Data,No Data,No Data,No Data,No Data,-3.983839,122.519661,0.085
26,74,Sulawesi Tenggara,7471,Kota Kendari,ST,20260220 ST Mall The Park Kota Kendari,-,-,ST Mall The Park,Reguler,Loka Kendari,20-Feb-2026,TSEL,0,0,No Data,No Data,No Data,No Data,No Data,No Data,No Data,0,0,No Data,No Data,No Data,No Data,No Data,No Data,No Data,0,0,No Data,No Data,No Data,No Data,No Data,No Data,No Data,0,0,No Data,No Data,No Data,No Data,No Data,No Data,No Data,13,13,100.00,68.87,84.60,94.80,25.50,53.08,100.00,62.28,70.30,85.00,35.80,53.08,3,1,3,1,0,0,No Data,No Data,No Data,No Data,No Data,0,0,No Data,No Data,No Data,No Data,No Data,13,13,100.00,8.68,10.97,4.32,2.27,60.77,3,13,13,100.00,0.00,69.63,100.00,13,13,100.00,2.22,0.00,4.32,0.00,0.00,0.00,0.00,0.00,0.00,0.00,100.00,0.00,0,0,No Data,No Data,No Data,No Data,0,0,No Data,No Data,No Data,No Data,12,0,0,100.00,0.00,0.00,4.19,95.65,4.35,3.17,100.00,12,0,100.00,1.25,0,0,No Data,0,0,No Data,0,0,0,No Data,No Data,No Data,No Data,No Data,No Data,No Data,No Data,No Data,No Data,No Data,No Data,0,0,0,No Data,No Data,No Data,No Data,No Data,No Data,No Data,No Data,No Data,No Data,No Data,No Data,0,0,0,No Data,No Data,No Data,0,0,No Data,No Data,No Data,0,0,No Data,No Data,No Data,No Data,No Data,No Data,No Data,No Data,-74.42,Baik Sekali,-10.33,Baik,5.18,Kurang,No Data,No Data,No Data,No Data,0.00,0.00,No Data,0.00,0.00,No Data,0.00,0.00,No Data,11116,0,0.00,11116,20,0.18,10995,8966,81.55,0,0,No Data,0,0,No Data,0.00,No Data,No Data,No Data,No Data,No Data,No Data,No Data,No Data,No Data,No Data,No Data,No Data,No Data,No Data,No Data,68.87,62.28,No Data,No Data,No Data,No Data,No Data,No Data,No Data,No Data,No Data,No Data,No Data,No Data,No Data,No Data,No Data,No Data,-3.983839,122.519661,0.001
27,74,Sulawesi Tenggara,7471,Kota Kendari,ST,20260220 ST Mall The Park Kota Kendari,-,-,ST Mall The Park,Reguler,Loka Kendari,20-Feb-2026,XLS,0,0,No Data,No Data,No Data,No Data,No Data,No Data,No Data,0,0,No Data,No Data,No Data,No Data,No Data,No Data,No Data,0,0,No Data,No Data,No Data,No Data,No Data,No Data,No Data,0,0,No Data,No Data,No Data,No Data,No Data,No Data,No Data,13,13,100.00,119.92,120.00,125.00,116.00,69.77,100.00,62.09,64.00,69.40,54.40,69.77,1,2,1,2,0,0,No Data,No Data,No Data,No Data,No Data,0,0,No Data,No Data,No Data,No Data,No Data,13,13,100.00,12.85,15.17,10.02,1.83,58.77,1,13,13,100.00,0.00,89.89,100.00,13,11,84.62,1.33,0.00,4.41,0.00,0.00,0.00,0.00,0.00,0.00,0.00,100.00,0.00,0,0,No Data,No Data,No Data,No Data,0,0,No Data,No Data,No Data,No Data,13,0,0,100.00,0.00,0.00,4.00,100.00,0.00,1.65,100.00,13,0,100.00,0.70,0,0,No Data,0,0,No Data,0,0,0,No Data,No Data,No Data,No Data,No Data,No Data,No Data,No Data,No Data,No Data,No Data,No Data,0,0,0,No Data,No Data,No Data,No Data,No Data,No Data,No Data,No Data,No Data,No Data,No Data,No Data,0,0,0,No Data,No Data,No Data,0,0,No Data,No Data,No Data,0,0,No Data,No Data,No Data,No Data,No Data,No Data,No Data,No Data,-95.57,Baik,-12.60,Cukup,5.76,Kurang,No Data,No Data,No Data,No Data,0.00,0.00,No Data,0.00,0.00,No Data,0.00,0.00,No Data,35142,53,0.15,35142,2538,7.22,29303,21263,72.56,0,0,No Data,0,0,No Data,0.00,No Data,No Data,No Data,No Data,No Data,No Data,No Data,No Data,No Data,No Data,No Data,No Data,No Data,No Data,No Data,119.92,62.09,No Data,No Data,No Data,No Data,No Data,No Data,No Data,No Data,No Data,No Data,No Data,No Data,No Data,No Data,No Data,No Data,-3.983839,122.519661,0.055
28,74,Sulawesi Tenggara,7471,Kota Kendari,ST,20260220 ST Universitas Halu Oleo Kota Kendari,-,-,ST Universitas Halu Oleo,Reguler,Loka Kendari,20-Feb-2026,IOH,0,0,No Data,No Data,No Data,No Data,No Data,No Data,No Data,0,0,No Data,No Data,No Data,No Data,No Data,No Data,No Data,0,0,No Data,No Data,No Data,No Data,No Data,No Data,No Data,0,0,No Data,No Data,No Data,No Data,No Data,No Data,No Data,9,9,100.00,79.57,76.90,127.00,35.40,24.67,100.00,12.15,10.90,29.10,4.88,24.67,3,3,2,3,0,0,No Data,No Data,No Data,No Data,No Data,0,0,No Data,No Data,No Data,No Data,No Data,9,9,100.00,12.32,16.10,7.94,2.20,34.11,2,9,8,88.89,11.11,82.05,100.00,9,9,100.00,1.41,0.00,4.38,0.00,0.00,0.00,0.00,0.00,0.00,0.00,100.00,0.00,0,0,No Data,No Data,No Data,No Data,0,0,No Data,No Data,No Data,No Data,9,1,0,88.89,11.11,0.00,4.03,100.00,0.00,1.70,100.00,8,0,100.00,0.76,0,0,No Data,0,0,No Data,0,0,0,No Data,No Data,No Data,No Data,No Data,No Data,No Data,No Data,No Data,No Data,No Data,No Data,0,0,0,No Data,No Data,No Data,No Data,No Data,No Data,No Data,No Data,No Data,No Data,No Data,No Data,0,0,0,No Data,No Data,No Data,0,0,No Data,No Data,No Data,0,0,No Data,No Data,No Data,No Data,No Data,No Data,No Data,No Data,-106.10,Kurang,-12.72,Cukup,2.04,Kurang,No Data,No Data,No Data,No Data,0.00,0.00,No Data,0.00,0.00,No Data,0.00,0.00,No Data,25431,16187,63.65,25431,2725,10.72,22227,21090,94.88,0,0,No Data,0,0,No Data,0.00,No Data,No Data,No Data,No Data,No Data,No Data,No Data,No Data,No Data,No Data,No Data,No Data,No Data,No Data,No Data,79.57,12.15,No Data,No Data,No Data,No Data,No Data,No Data,No Data,No Data,No Data,No Data,No Data,No Data,No Data,No Data,No Data,No Data,-4.009815,122.52152,0.045
29,74,Sulawesi Tenggara,7471,Kota Kendari,ST,20260220 ST Universitas Halu Oleo Kota Kendari,-,-,ST Universitas Halu Oleo,Reguler,Loka Kendari,20-Feb-2026,TSEL,0,0,No Data,No Data,No Data,No Data,No Data,No Data,No Data,0,0,No Data,No Data,No Data,No Data,No Data,No Data,No Data,0,0,No Data,No Data,No Data,No Data,No Data,No Data,No Data,0,0,No Data,No Data,No Data,No Data,No Data,No Data,No Data,13,13,100.00,80.51,58.50,229.00,33.50,52.15,100.00,45.85,47.10,53.80,36.80,52.15,2,1,3,1,0,0,No Data,No Data,No Data,No Data,No Data,0,0,No Data,No Data,No Data,No Data,No Data,13,13,100.00,8.86,10.73,4.10,2.43,103.62,3,13,13,100.00,0.00,159.25,92.31,13,13,100.00,1.78,0.00,4.37,0.00,0.00,0.00,0.00,0.00,0.00,0.00,100.00,0.00,0,0,No Data,No Data,No Data,No Data,0,0,No Data,No Data,No Data,No Data,13,0,0,100.00,0.00,0.00,4.00,100.00,0.00,1.65,100.00,12,0,100.00,0.55,0,0,No Data,0,0,No Data,0,0,0,No Data,No Data,No Data,No Data,No Data,No Data,No Data,No Data,No Data,No Data,No Data,No Data,0,0,0,No Data,No Data,No Data,No Data,No Data,No Data,No Data,No Data,No Data,No Data,No Data,No Data,0,0,0,No Data,No Data,No Data,0,0,No Data,No Data,No Data,0,0,No Data,No Data,No Data,No Data,No Data,No Data,No Data,No Data,-78.65,Baik Sekali,-14.17,Cukup,9.43,Cukup,No Data,No Data,No Data,No Data,0.00,0.00,No Data,0.00,0.00,No Data,0.00,0.00,No Data,13424,0,0.00,13424,5062,37.71,13024,6502,49.92,0,0,No Data,0,0,No Data,0.00,No Data,No Data,No Data,No Data,No Data,No Data,No Data,No Data,No Data,No Data,No Data,No Data,No Data,No Data,No Data,80.51,45.85,No Data,No Data,No Data,No Data,No Data,No Data,No Data,No Data,No Data,No Data,No Data,No Data,No Data,No Data,No Data,No Data,-4.009815,122.52152,0.005
30,74,Sulawesi Tenggara,7471,Kota Kendari,ST,20260220 ST Universitas Halu Oleo Kota Kendari,-,-,ST Universitas Halu Oleo,Reguler,Loka Kendari,20-Feb-2026,XLS,0,0,No Data,No Data,No Data,No Data,No Data,No Data,No Data,0,0,No Data,No Data,No Data,No Data,No Data,No Data,No Data,0,0,No Data,No Data,No Data,No Data,No Data,No Data,No Data,0,0,No Data,No Data,No Data,No Data,No Data,No Data,No Data,13,13,100.00,96.11,95.60,110.00,74.60,66.85,100.00,16.36,17.90,21.50,9.74,66.85,1,2,1,2,0,0,No Data,No Data,No Data,No Data,No Data,0,0,No Data,No Data,No Data,No Data,No Data,13,13,100.00,12.39,15.68,9.88,1.95,61.00,1,13,13,100.00,0.00,95.93,100.00,13,13,100.00,1.11,0.00,4.39,0.00,0.00,0.00,0.00,0.00,0.00,0.00,100.00,0.00,0,0,No Data,No Data,No Data,No Data,0,0,No Data,No Data,No Data,No Data,13,0,0,100.00,0.00,0.00,4.01,100.00,0.00,1.61,100.00,13,0,100.00,0.72,0,0,No Data,0,0,No Data,0,0,0,No Data,No Data,No Data,No Data,No Data,No Data,No Data,No Data,No Data,No Data,No Data,No Data,0,0,0,No Data,No Data,No Data,No Data,No Data,No Data,No Data,No Data,No Data,No Data,No Data,No Data,0,0,0,No Data,No Data,No Data,0,0,No Data,No Data,No Data,0,0,No Data,No Data,No Data,No Data,No Data,No Data,No Data,No Data,-105.40,Kurang,-11.73,Baik,2.59,Kurang,No Data,No Data,No Data,No Data,0.00,0.00,No Data,0.00,0.00,No Data,0.00,0.00,No Data,24566,11549,47.01,24566,1138,4.63,18944,18860,99.56,0,0,No Data,0,0,No Data,0.00,No Data,No Data,No Data,No Data,No Data,No Data,No Data,No Data,No Data,No Data,No Data,No Data,No Data,No Data,No Data,96.11,16.36,No Data,No Data,No Data,No Data,No Data,No Data,No Data,No Data,No Data,No Data,No Data,No Data,No Data,No Data,No Data,No Data,-4.009815,122.52152,0.106
31,74,Sulawesi Tenggara,7409,Konawe Utara,DT,20260304 DT Kab. Konawe Utara,-,-,DT Kab. Konawe Utara,Reguler,Loka Kendari,04-Mar-2026,IOH,0,0,No Data,No Data,No Data,No Data,No Data,No Data,No Data,0,0,No Data,No Data,No Data,No Data,No Data,No Data,No Data,0,0,No Data,No Data,No Data,No Data,No Data,No Data,No Data,0,0,No Data,No Data,No Data,No Data,No Data,No Data,No Data,23,17,73.91,85.87,67.50,215.00,5.44,47.18,73.91,19.18,11.60,56.70,0.13,47.18,3,2,3,2,0,0,No Data,No Data,No Data,No Data,No Data,0,0,No Data,No Data,No Data,No Data,No Data,23,23,100.00,7.77,14.60,0.45,4.77,83.13,3,23,22,95.65,4.35,161.59,95.45,23,21,91.30,1.86,0.00,4.30,0.00,0.00,0.00,0.00,0.00,4.76,19.05,76.19,0.00,0,0,No Data,No Data,No Data,No Data,0,0,No Data,No Data,No Data,No Data,23,0,0,100.00,0.00,0.00,3.94,100.00,0.00,1.85,100.00,24,2,91.67,0.97,0,0,No Data,0,0,No Data,0,0,0,No Data,No Data,No Data,No Data,No Data,No Data,No Data,No Data,No Data,No Data,No Data,No Data,0,0,0,No Data,No Data,No Data,No Data,No Data,No Data,No Data,No Data,No Data,No Data,No Data,No Data,0,0,0,No Data,No Data,No Data,0,0,No Data,No Data,No Data,0,0,No Data,No Data,No Data,No Data,No Data,No Data,No Data,No Data,-100.50,Baik,-10.32,Baik,8.80,Cukup,-86.68,Baik,5.3,Cukup,0.00,0.00,No Data,0.00,0.00,No Data,0.00,0.00,No Data,45886,16390,35.72,45886,2693,5.87,43779,21757,49.70,2919,129,4.42,15,10,66.67,0.00,No Data,No Data,No Data,No Data,No Data,No Data,No Data,No Data,No Data,No Data,No Data,No Data,No Data,No Data,No Data,63.47,14.18,No Data,No Data,162.89,No Data,No Data,No Data,No Data,No Data,No Data,No Data,No Data,No Data,No Data,No Data,No Data,No Data,-3.867176,122.414828,196.731
32,74,Sulawesi Tenggara,7409,Konawe Utara,DT,20260304 DT Kab. Konawe Utara,-,-,DT Kab. Konawe Utara,Reguler,Loka Kendari,04-Mar-2026,TSEL,0,0,No Data,No Data,No Data,No Data,No Data,No Data,No Data,0,0,No Data,No Data,No Data,No Data,No Data,No Data,No Data,0,0,No Data,No Data,No Data,No Data,No Data,No Data,No Data,0,0,No Data,No Data,No Data,No Data,No Data,No Data,No Data,14,10,71.43,131.93,102.50,299.00,4.99,29.00,71.43,16.33,9.23,52.60,3.03,29.00,1,3,2,3,0,0,No Data,No Data,No Data,No Data,No Data,0,0,No Data,No Data,No Data,No Data,No Data,9,9,100.00,12.71,14.09,10.98,1.57,26.33,1,13,9,69.23,30.77,64.32,100.00,13,9,69.23,1.13,0.00,4.36,0.00,0.00,0.00,0.00,0.00,0.00,0.00,100.00,0.00,0,0,No Data,No Data,No Data,No Data,0,0,No Data,No Data,No Data,No Data,11,0,1,90.91,0.00,9.09,3.90,100.00,0.00,2.06,100.00,12,2,83.33,1.26,0,0,No Data,0,0,No Data,0,0,0,No Data,No Data,No Data,No Data,No Data,No Data,No Data,No Data,No Data,No Data,No Data,No Data,0,0,0,No Data,No Data,No Data,No Data,No Data,No Data,No Data,No Data,No Data,No Data,No Data,No Data,0,0,0,No Data,No Data,No Data,0,0,No Data,No Data,No Data,0,0,No Data,No Data,No Data,No Data,No Data,No Data,No Data,No Data,-102.32,Cukup,-11.66,Baik,6.84,Kurang,-88.53,Baik,2.9,Baik,0.00,0.00,No Data,0.00,0.00,No Data,0.00,0.00,No Data,32383,10582,32.68,32383,2593,8.01,20519,12578,61.30,1721,107,6.22,60,17,28.33,0.00,No Data,No Data,No Data,No Data,No Data,No Data,No Data,No Data,No Data,No Data,No Data,No Data,No Data,No Data,No Data,94.24,11.66,No Data,No Data,55.94,No Data,No Data,No Data,No Data,No Data,No Data,No Data,No Data,No Data,No Data,No Data,No Data,No Data,-3.867176,122.414828,197.159
33,74,Sulawesi Tenggara,7409,Konawe Utara,DT,20260304 DT Kab. Konawe Utara,-,-,DT Kab. Konawe Utara,Reguler,Loka Kendari,04-Mar-2026,XLS,0,0,No Data,No Data,No Data,No Data,No Data,No Data,No Data,0,0,No Data,No Data,No Data,No Data,No Data,No Data,No Data,0,0,No Data,No Data,No Data,No Data,No Data,No Data,No Data,0,0,No Data,No Data,No Data,No Data,No Data,No Data,No Data,24,14,58.33,93.24,113.00,127.00,5.85,112.64,58.33,30.31,18.25,89.40,0.20,112.64,2,1,1,1,0,0,No Data,No Data,No Data,No Data,No Data,0,0,No Data,No Data,No Data,No Data,No Data,21,19,90.48,8.15,13.83,0.30,5.95,126.26,2,25,21,84.00,16.00,140.05,90.48,24,15,62.50,2.33,6.67,4.16,0.01,0.01,6.67,0.00,0.00,0.00,13.33,80.00,0.00,0,0,No Data,No Data,No Data,No Data,0,0,No Data,No Data,No Data,No Data,25,2,5,72.00,8.00,20.00,3.88,100.00,0.00,1.58,100.00,24,6,75.00,0.89,0,0,No Data,0,0,No Data,0,0,0,No Data,No Data,No Data,No Data,No Data,No Data,No Data,No Data,No Data,No Data,No Data,No Data,0,0,0,No Data,No Data,No Data,No Data,No Data,No Data,No Data,No Data,No Data,No Data,No Data,No Data,0,0,0,No Data,No Data,No Data,0,0,No Data,No Data,No Data,0,0,No Data,No Data,No Data,No Data,No Data,No Data,No Data,No Data,-104.27,Cukup,-10.54,Baik,9.19,Cukup,-87.42,Baik,3.1,Baik,0.00,0.00,No Data,0.00,0.00,No Data,0.00,0.00,No Data,66704,31656,47.46,66704,4428,6.64,41145,18944,46.04,1929,161,8.35,25,11,44.00,0.00,No Data,No Data,No Data,No Data,No Data,No Data,No Data,No Data,No Data,No Data,No Data,No Data,No Data,No Data,No Data,54.39,17.68,No Data,No Data,131.20,No Data,No Data,No Data,No Data,No Data,No Data,No Data,No Data,No Data,No Data,No Data,No Data,No Data,-3.867176,122.414828,192.853
34,74,Sulawesi Tenggara,7409,Konawe Utara,ST,20260304 ST Pemukiman Langgikima Kab. Konawe Utara,-,-,ST Pemukiman Langgikima,Reguler,Loka Kendari,04-Mar-2026,IOH,0,0,No Data,No Data,No Data,No Data,No Data,No Data,No Data,0,0,No Data,No Data,No Data,No Data,No Data,No Data,No Data,0,0,No Data,No Data,No Data,No Data,No Data,No Data,No Data,0,0,No Data,No Data,No Data,No Data,No Data,No Data,No Data,0,0,No Data,No Data,No Data,No Data,No Data,No Data,No Data,No Data,No Data,No Data,No Data,No Data,No Data,No Data,No Data,No Data,0,0,No Data,No Data,No Data,No Data,No Data,0,0,No Data,No Data,No Data,No Data,No Data,0,0,No Data,No Data,No Data,No Data,No Data,No Data,No Data,0,0,No Data,No Data,No Data,No Data,0,0,No Data,No Data,No Data,No Data,No Data,No Data,No Data,No Data,No Data,No Data,No Data,No Data,No Data,0,0,No Data,No Data,No Data,No Data,0,0,No Data,No Data,No Data,No Data,1,0,0,100.00,0.00,0.00,3.95,100.00,0.00,1.69,100.00,1,0,100.00,1.08,0,0,No Data,0,0,No Data,0,0,0,No Data,No Data,No Data,No Data,No Data,No Data,No Data,No Data,No Data,No Data,No Data,No Data,0,0,0,No Data,No Data,No Data,No Data,No Data,No Data,No Data,No Data,No Data,No Data,No Data,No Data,0,0,0,No Data,No Data,No Data,0,0,No Data,No Data,No Data,0,0,No Data,No Data,No Data,No Data,No Data,No Data,No Data,No Data,No Data,No Data,No Data,No Data,No Data,No Data,-82.86,Baik Sekali,No Data,No Data,0.00,0.00,No Data,0.00,0.00,No Data,0.00,0.00,No Data,0,0,No Data,0,0,No Data,0,0,No Data,2971,0,0.00,0,0,No Data,0.00,No Data,No Data,No Data,No Data,No Data,No Data,No Data,No Data,No Data,No Data,No Data,No Data,No Data,No Data,No Data,No Data,No Data,No Data,No Data,No Data,No Data,No Data,No Data,No Data,No Data,No Data,No Data,No Data,No Data,No Data,No Data,No Data,No Data,-3.292003,122.22915,0.007
35,74,Sulawesi Tenggara,7409,Konawe Utara,ST,20260304 ST Pemukiman Langgikima Kab. Konawe Utara,-,-,ST Pemukiman Langgikima,Reguler,Loka Kendari,04-Mar-2026,TSEL,0,0,No Data,No Data,No Data,No Data,No Data,No Data,No Data,0,0,No Data,No Data,No Data,No Data,No Data,No Data,No Data,0,0,No Data,No Data,No Data,No Data,No Data,No Data,No Data,0,0,No Data,No Data,No Data,No Data,No Data,No Data,No Data,12,10,83.33,4.11,1.60,12.90,0.48,36.44,83.33,0.53,0.60,1.07,0.04,36.44,1,1,1,1,0,0,No Data,No Data,No Data,No Data,No Data,0,0,No Data,No Data,No Data,No Data,No Data,10,8,80.00,0.79,2.65,0.21,20.61,47.25,1,12,11,91.67,8.33,194.59,81.82,12,0,0.00,No Data,No Data,No Data,No Data,No Data,No Data,No Data,No Data,No Data,No Data,No Data,No Data,0,0,No Data,No Data,No Data,No Data,0,0,No Data,No Data,No Data,No Data,10,0,0,100.00,0.00,0.00,3.03,100.00,0.00,2.14,100.00,11,1,90.91,3.51,0,0,No Data,0,0,No Data,0,0,0,No Data,No Data,No Data,No Data,No Data,No Data,No Data,No Data,No Data,No Data,No Data,No Data,0,0,0,No Data,No Data,No Data,No Data,No Data,No Data,No Data,No Data,No Data,No Data,No Data,No Data,0,0,0,No Data,No Data,No Data,0,0,No Data,No Data,No Data,0,0,No Data,No Data,No Data,No Data,No Data,No Data,No Data,No Data,-101.09,Baik,-10.46,Baik,15.52,Baik,No Data,No Data,No Data,No Data,0.00,0.00,No Data,0.00,0.00,No Data,0.00,0.00,No Data,7157,906,12.66,7157,0,0.00,7052,13,0.18,0,0,No Data,0,0,No Data,0.00,No Data,No Data,No Data,No Data,No Data,No Data,No Data,No Data,No Data,No Data,No Data,No Data,No Data,No Data,No Data,3.43,0.44,No Data,No Data,311.62,No Data,No Data,No Data,No Data,No Data,No Data,No Data,No Data,No Data,No Data,No Data,No Data,No Data,-3.292003,122.22915,0
36,74,Sulawesi Tenggara,7409,Konawe Utara,ST,20260304 ST Pemukiman Langgikima Kab. Konawe Utara,-,-,ST Pemukiman Langgikima,Reguler,Loka Kendari,04-Mar-2026,XLS,0,0,No Data,No Data,No Data,No Data,No Data,No Data,No Data,0,0,No Data,No Data,No Data,No Data,No Data,No Data,No Data,0,0,No Data,No Data,No Data,No Data,No Data,No Data,No Data,0,0,No Data,No Data,No Data,No Data,No Data,No Data,No Data,0,0,No Data,No Data,No Data,No Data,No Data,No Data,No Data,No Data,No Data,No Data,No Data,No Data,No Data,No Data,No Data,No Data,0,0,No Data,No Data,No Data,No Data,No Data,0,0,No Data,No Data,No Data,No Data,No Data,0,0,No Data,No Data,No Data,No Data,No Data,No Data,No Data,0,0,No Data,No Data,No Data,No Data,0,0,No Data,No Data,No Data,No Data,No Data,No Data,No Data,No Data,No Data,No Data,No Data,No Data,No Data,0,0,No Data,No Data,No Data,No Data,0,0,No Data,No Data,No Data,No Data,1,0,0,100.00,0.00,0.00,3.62,100.00,0.00,1.82,100.00,1,0,100.00,0.71,0,0,No Data,0,0,No Data,0,0,0,No Data,No Data,No Data,No Data,No Data,No Data,No Data,No Data,No Data,No Data,No Data,No Data,0,0,0,No Data,No Data,No Data,No Data,No Data,No Data,No Data,No Data,No Data,No Data,No Data,No Data,0,0,0,No Data,No Data,No Data,0,0,No Data,No Data,No Data,0,0,No Data,No Data,No Data,No Data,No Data,No Data,No Data,No Data,No Data,No Data,No Data,No Data,No Data,No Data,-75.19,Baik Sekali,No Data,No Data,0.00,0.00,No Data,0.00,0.00,No Data,0.00,0.00,No Data,0,0,No Data,0,0,No Data,0,0,No Data,3040,0,0.00,0,0,No Data,0.00,No Data,No Data,No Data,No Data,No Data,No Data,No Data,No Data,No Data,No Data,No Data,No Data,No Data,No Data,No Data,No Data,No Data,No Data,No Data,No Data,No Data,No Data,No Data,No Data,No Data,No Data,No Data,No Data,No Data,No Data,No Data,No Data,No Data,-3.292003,122.22915,0.004
37,74,Sulawesi Tenggara,7409,Konawe Utara,ST,20260305 ST Kantor Bupati Kab. Konawe Utara,-,-,ST Kantor Bupati,Reguler,Loka Kendari,05-Mar-2026,IOH,0,0,No Data,No Data,No Data,No Data,No Data,No Data,No Data,0,0,No Data,No Data,No Data,No Data,No Data,No Data,No Data,0,0,No Data,No Data,No Data,No Data,No Data,No Data,No Data,0,0,No Data,No Data,No Data,No Data,No Data,No Data,No Data,12,12,100.00,161.92,160.50,204.00,126.00,29.83,100.00,55.53,59.60,63.00,30.30,29.83,1,2,1,2,0,0,No Data,No Data,No Data,No Data,No Data,0,0,No Data,No Data,No Data,No Data,No Data,13,13,100.00,13.18,17.34,6.29,1.76,38.69,1,13,13,100.00,0.00,74.04,100.00,13,13,100.00,1.05,0.00,4.33,0.00,0.00,0.00,0.00,0.00,0.00,0.00,100.00,0.00,0,0,No Data,No Data,No Data,No Data,0,0,No Data,No Data,No Data,No Data,12,0,0,100.00,0.00,0.00,4.03,100.00,0.00,3.17,91.67,12,0,100.00,0.72,0,0,No Data,0,0,No Data,0,0,0,No Data,No Data,No Data,No Data,No Data,No Data,No Data,No Data,No Data,No Data,No Data,No Data,0,0,0,No Data,No Data,No Data,No Data,No Data,No Data,No Data,No Data,No Data,No Data,No Data,No Data,0,0,0,No Data,No Data,No Data,0,0,No Data,No Data,No Data,0,0,No Data,No Data,No Data,No Data,No Data,No Data,No Data,No Data,-84.28,Baik Sekali,-8.17,Baik Sekali,12.29,Cukup,No Data,No Data,No Data,No Data,0.00,0.00,No Data,0.00,0.00,No Data,0.00,0.00,No Data,32531,0,0.00,32531,39,0.12,31044,4163,13.41,0,0,No Data,0,0,No Data,0.00,No Data,No Data,No Data,No Data,No Data,No Data,No Data,No Data,No Data,No Data,No Data,No Data,No Data,No Data,No Data,161.92,55.53,No Data,No Data,74.04,No Data,No Data,No Data,No Data,No Data,No Data,No Data,No Data,No Data,No Data,No Data,No Data,No Data,-3.512634,122.109646,0
38,74,Sulawesi Tenggara,7409,Konawe Utara,ST,20260305 ST Kantor Bupati Kab. Konawe Utara,-,-,ST Kantor Bupati,Reguler,Loka Kendari,05-Mar-2026,TSEL,0,0,No Data,No Data,No Data,No Data,No Data,No Data,No Data,0,0,No Data,No Data,No Data,No Data,No Data,No Data,No Data,0,0,No Data,No Data,No Data,No Data,No Data,No Data,No Data,0,0,No Data,No Data,No Data,No Data,No Data,No Data,No Data,13,13,100.00,20.32,18.40,41.20,7.12,27.62,100.00,23.15,24.20,46.40,8.14,27.62,3,3,2,3,0,0,No Data,No Data,No Data,No Data,No Data,0,0,No Data,No Data,No Data,No Data,No Data,13,13,100.00,6.61,11.99,1.17,2.98,58.08,2,13,12,92.31,7.69,90.99,100.00,13,13,100.00,2.33,0.00,4.12,0.00,0.00,0.00,7.69,15.38,0.00,23.08,53.85,0.00,0,0,No Data,No Data,No Data,No Data,0,0,No Data,No Data,No Data,No Data,12,0,1,91.67,0.00,8.33,3.68,100.00,0.00,1.61,100.00,12,0,100.00,1.10,0,0,No Data,0,0,No Data,0,0,0,No Data,No Data,No Data,No Data,No Data,No Data,No Data,No Data,No Data,No Data,No Data,No Data,0,0,0,No Data,No Data,No Data,No Data,No Data,No Data,No Data,No Data,No Data,No Data,No Data,No Data,0,0,0,No Data,No Data,No Data,0,0,No Data,No Data,No Data,0,0,No Data,No Data,No Data,No Data,No Data,No Data,No Data,No Data,-94.29,Baik,-15.71,Cukup,-1.56,Kurang,No Data,No Data,No Data,No Data,0.00,0.00,No Data,0.00,0.00,No Data,0.00,0.00,No Data,12977,197,1.52,12977,4805,37.03,12355,12302,99.57,0,0,No Data,0,0,No Data,0.00,No Data,No Data,No Data,No Data,No Data,No Data,No Data,No Data,No Data,No Data,No Data,No Data,No Data,No Data,No Data,20.32,23.15,No Data,No Data,95.40,No Data,No Data,No Data,No Data,No Data,No Data,No Data,No Data,No Data,No Data,No Data,No Data,No Data,-3.512634,122.109646,0.007
39,74,Sulawesi Tenggara,7409,Konawe Utara,ST,20260305 ST Kantor Bupati Kab. Konawe Utara,-,-,ST Kantor Bupati,Reguler,Loka Kendari,05-Mar-2026,XLS,0,0,No Data,No Data,No Data,No Data,No Data,No Data,No Data,0,0,No Data,No Data,No Data,No Data,No Data,No Data,No Data,0,0,No Data,No Data,No Data,No Data,No Data,No Data,No Data,0,0,No Data,No Data,No Data,No Data,No Data,No Data,No Data,12,11,91.67,22.75,2.18,116.00,1.36,93.64,91.67,74.46,72.00,94.40,53.60,93.64,2,1,3,1,0,0,No Data,No Data,No Data,No Data,No Data,0,0,No Data,No Data,No Data,No Data,No Data,11,11,100.00,4.69,13.35,1.17,5.85,140.91,3,13,4,30.77,69.23,97.16,100.00,12,11,91.67,5.82,18.18,3.81,0.00,0.00,0.00,27.27,0.00,18.18,36.36,18.18,0.00,0,0,No Data,No Data,No Data,No Data,0,0,No Data,No Data,No Data,No Data,12,0,0,100.00,0.00,0.00,2.98,91.67,8.33,3.09,100.00,12,0,100.00,1.02,0,0,No Data,0,0,No Data,0,0,0,No Data,No Data,No Data,No Data,No Data,No Data,No Data,No Data,No Data,No Data,No Data,No Data,0,0,0,No Data,No Data,No Data,No Data,No Data,No Data,No Data,No Data,No Data,No Data,No Data,No Data,0,0,0,No Data,No Data,No Data,0,0,No Data,No Data,No Data,0,0,No Data,No Data,No Data,No Data,No Data,No Data,No Data,No Data,-86.01,Baik Sekali,-8.08,Baik Sekali,11.15,Cukup,No Data,No Data,No Data,No Data,0.00,0.00,No Data,0.00,0.00,No Data,0.00,0.00,No Data,37270,170,0.46,37270,49,0.13,20512,4471,21.80,0,0,No Data,0,0,No Data,0.00,No Data,No Data,No Data,No Data,No Data,No Data,No Data,No Data,No Data,No Data,No Data,No Data,No Data,No Data,No Data,20.85,68.26,No Data,No Data,117.08,No Data,No Data,No Data,No Data,No Data,No Data,No Data,No Data,No Data,No Data,No Data,No Data,No Data,-3.512634,122.109646,0.001
40,74,Sulawesi Tenggara,7409,Konawe Utara,ST,20260305 ST Pusat Perekonomian Kab. Konawe Utara,-,-,ST Pusat Perekonomian,Reguler,Loka Kendari,05-Mar-2026,IOH,0,0,No Data,No Data,No Data,No Data,No Data,No Data,No Data,0,0,No Data,No Data,No Data,No Data,No Data,No Data,No Data,0,0,No Data,No Data,No Data,No Data,No Data,No Data,No Data,0,0,No Data,No Data,No Data,No Data,No Data,No Data,No Data,12,12,100.00,110.38,108.50,144.00,79.20,26.42,100.00,45.18,49.85,54.10,23.40,26.42,2,2,3,2,0,0,No Data,No Data,No Data,No Data,No Data,0,0,No Data,No Data,No Data,No Data,No Data,12,12,100.00,11.18,15.01,5.84,1.91,59.33,1,12,12,100.00,0.00,72.47,100.00,12,12,100.00,1.37,0.00,4.36,0.00,0.00,0.00,0.00,0.00,0.00,8.33,91.67,0.00,0,0,No Data,No Data,No Data,No Data,0,0,No Data,No Data,No Data,No Data,11,0,0,100.00,0.00,0.00,3.95,100.00,0.00,1.69,100.00,12,0,100.00,0.64,0,0,No Data,0,0,No Data,0,0,0,No Data,No Data,No Data,No Data,No Data,No Data,No Data,No Data,No Data,No Data,No Data,No Data,0,0,0,No Data,No Data,No Data,No Data,No Data,No Data,No Data,No Data,No Data,No Data,No Data,No Data,0,0,0,No Data,No Data,No Data,0,0,No Data,No Data,No Data,0,0,No Data,No Data,No Data,No Data,No Data,No Data,No Data,No Data,-90.65,Baik Sekali,-13.09,Cukup,4.29,Kurang,No Data,No Data,No Data,No Data,0.00,0.00,No Data,0.00,0.00,No Data,0.00,0.00,No Data,54739,372,0.68,54739,8880,16.22,51505,35889,69.68,0,0,No Data,0,0,No Data,0.00,No Data,No Data,No Data,No Data,No Data,No Data,No Data,No Data,No Data,No Data,No Data,No Data,No Data,No Data,No Data,110.38,45.18,No Data,No Data,72.47,No Data,No Data,No Data,No Data,No Data,No Data,No Data,No Data,No Data,No Data,No Data,No Data,No Data,-3.612257,122.19691,0.045
41,74,Sulawesi Tenggara,7409,Konawe Utara,ST,20260305 ST Pusat Perekonomian Kab. Konawe Utara,-,-,ST Pusat Perekonomian,Reguler,Loka Kendari,05-Mar-2026,TSEL,0,0,No Data,No Data,No Data,No Data,No Data,No Data,No Data,0,0,No Data,No Data,No Data,No Data,No Data,No Data,No Data,0,0,No Data,No Data,No Data,No Data,No Data,No Data,No Data,0,0,No Data,No Data,No Data,No Data,No Data,No Data,No Data,13,13,100.00,109.14,115.00,152.00,68.30,28.69,100.00,56.29,55.20,74.50,39.10,28.69,3,1,2,1,0,0,No Data,No Data,No Data,No Data,No Data,0,0,No Data,No Data,No Data,No Data,No Data,13,13,100.00,8.09,15.35,1.96,3.01,27.77,3,13,13,100.00,0.00,62.68,100.00,13,13,100.00,1.20,0.00,4.33,0.00,0.00,0.00,0.00,0.00,0.00,15.38,84.62,0.00,0,0,No Data,No Data,No Data,No Data,0,0,No Data,No Data,No Data,No Data,13,0,0,100.00,0.00,0.00,4.01,100.00,0.00,1.38,100.00,12,0,100.00,0.51,0,0,No Data,0,0,No Data,0,0,0,No Data,No Data,No Data,No Data,No Data,No Data,No Data,No Data,No Data,No Data,No Data,No Data,0,0,0,No Data,No Data,No Data,No Data,No Data,No Data,No Data,No Data,No Data,No Data,No Data,No Data,0,0,0,No Data,No Data,No Data,0,0,No Data,No Data,No Data,0,0,No Data,No Data,No Data,No Data,No Data,No Data,No Data,No Data,-89.79,Baik Sekali,-14.62,Cukup,5.60,Kurang,No Data,No Data,No Data,No Data,0.00,0.00,No Data,0.00,0.00,No Data,0.00,0.00,No Data,23024,378,1.64,23024,6156,26.74,19012,11397,59.95,0,0,No Data,0,0,No Data,0.00,No Data,No Data,No Data,No Data,No Data,No Data,No Data,No Data,No Data,No Data,No Data,No Data,No Data,No Data,No Data,109.14,56.29,No Data,No Data,62.68,No Data,No Data,No Data,No Data,No Data,No Data,No Data,No Data,No Data,No Data,No Data,No Data,No Data,-3.612257,122.19691,0
42,74,Sulawesi Tenggara,7409,Konawe Utara,ST,20260305 ST Pusat Perekonomian Kab. Konawe Utara,-,-,ST Pusat Perekonomian,Reguler,Loka Kendari,05-Mar-2026,XLS,0,0,No Data,No Data,No Data,No Data,No Data,No Data,No Data,0,0,No Data,No Data,No Data,No Data,No Data,No Data,No Data,0,0,No Data,No Data,No Data,No Data,No Data,No Data,No Data,0,0,No Data,No Data,No Data,No Data,No Data,No Data,No Data,13,13,100.00,125.46,126.00,127.00,122.00,89.77,100.00,3.09,2.78,5.72,2.12,89.77,1,3,1,3,0,0,No Data,No Data,No Data,No Data,No Data,0,0,No Data,No Data,No Data,No Data,No Data,13,13,100.00,9.35,12.44,0.51,4.19,104.00,2,13,13,100.00,0.00,106.79,100.00,13,13,100.00,1.16,0.00,4.37,0.00,0.00,0.00,0.00,0.00,0.00,7.69,92.31,0.00,0,0,No Data,No Data,No Data,No Data,0,0,No Data,No Data,No Data,No Data,12,0,0,100.00,0.00,0.00,4.02,100.00,0.00,1.56,100.00,12,0,100.00,0.63,0,0,No Data,0,0,No Data,0,0,0,No Data,No Data,No Data,No Data,No Data,No Data,No Data,No Data,No Data,No Data,No Data,No Data,0,0,0,No Data,No Data,No Data,No Data,No Data,No Data,No Data,No Data,No Data,No Data,No Data,No Data,0,0,0,No Data,No Data,No Data,0,0,No Data,No Data,No Data,0,0,No Data,No Data,No Data,No Data,No Data,No Data,No Data,No Data,-86.71,Baik Sekali,-8.52,Baik Sekali,11.00,Cukup,No Data,No Data,No Data,No Data,0.00,0.00,No Data,0.00,0.00,No Data,0.00,0.00,No Data,34807,3,0.01,34807,65,0.19,21186,2230,10.53,0,0,No Data,0,0,No Data,0.00,No Data,No Data,No Data,No Data,No Data,No Data,No Data,No Data,No Data,No Data,No Data,No Data,No Data,No Data,No Data,125.46,3.09,No Data,No Data,106.79,No Data,No Data,No Data,No Data,No Data,No Data,No Data,No Data,No Data,No Data,No Data,No Data,No Data,-3.612257,122.19691,0.038
43,74,Sulawesi Tenggara,7412,Konawe Kepulauan,ST,20260518 ST SMAN 1 Wawonii Kab. Konawe Kepulauan,-,-,ST SMAN 1 Wawonii,Reguler,Loka Kendari,18-May-2026,IOH,0,0,No Data,No Data,No Data,No Data,No Data,No Data,No Data,0,0,No Data,No Data,No Data,No Data,No Data,No Data,No Data,0,0,No Data,No Data,No Data,No Data,No Data,No Data,No Data,0,0,No Data,No Data,No Data,No Data,No Data,No Data,No Data,9,9,100.00,124.81,104.00,249.00,24.50,No Data,100.00,7.78,7.28,13.00,4.70,31.33,2,3,3,3,0,0,No Data,No Data,No Data,No Data,No Data,0,0,No Data,No Data,No Data,No Data,No Data,9,9,100.00,5.10,7.14,4.11,1.95,84.00,2,0,0,No Data,No Data,No Data,No Data,9,9,100.00,1.87,0.00,4.29,0.00,0.00,0.00,0.00,0.00,0.00,22.22,77.78,0.00,2,1,50.00,0.65,12.22,0.00,0,0,No Data,No Data,No Data,No Data,7,2,0,71.43,28.57,0.00,3.38,100.00,0.00,2.96,100.00,18,12,33.33,1.27,0,0,No Data,0,0,No Data,0,0,0,No Data,No Data,No Data,No Data,No Data,No Data,No Data,No Data,No Data,No Data,No Data,No Data,0,0,0,No Data,No Data,No Data,No Data,No Data,No Data,No Data,No Data,No Data,No Data,No Data,No Data,0,0,0,No Data,No Data,No Data,0,0,No Data,No Data,No Data,0,0,No Data,No Data,No Data,No Data,No Data,No Data,No Data,No Data,-104.96,Cukup,-9.12,Baik Sekali,13.74,Cukup,No Data,No Data,No Data,No Data,0.00,0.00,No Data,0.00,0.00,No Data,0.00,0.00,No Data,54552,24587,45.07,54552,226,0.41,29904,539,1.80,0,0,No Data,0,0,No Data,0.00,No Data,No Data,No Data,No Data,No Data,No Data,No Data,No Data,No Data,No Data,No Data,No Data,No Data,No Data,No Data,124.81,7.78,No Data,No Data,No Data,0.16,0.00,No Data,No Data,No Data,No Data,No Data,No Data,No Data,No Data,No Data,No Data,No Data,-4.03006,122.98667,0.001
44,74,Sulawesi Tenggara,7412,Konawe Kepulauan,ST,20260518 ST SMAN 1 Wawonii Kab. Konawe Kepulauan,-,-,ST SMAN 1 Wawonii,Reguler,Loka Kendari,18-May-2026,TSEL,0,0,No Data,No Data,No Data,No Data,No Data,No Data,No Data,0,0,No Data,No Data,No Data,No Data,No Data,No Data,No Data,0,0,No Data,No Data,No Data,No Data,No Data,No Data,No Data,0,0,No Data,No Data,No Data,No Data,No Data,No Data,No Data,12,12,100.00,146.92,148.00,166.00,130.00,No Data,100.00,72.16,69.95,97.20,51.90,28.92,1,1,1,1,0,0,No Data,No Data,No Data,No Data,No Data,0,0,No Data,No Data,No Data,No Data,No Data,12,12,100.00,5.36,7.11,3.83,1.60,24.83,1,0,0,No Data,No Data,No Data,No Data,12,12,100.00,1.27,0.00,4.33,0.00,0.00,0.00,0.00,0.00,0.00,16.67,83.33,0.00,5,5,100.00,0.86,9.34,0.00,5,5,100.00,4.76,27.07,100.00,11,0,0,100.00,0.00,0.00,3.97,100.00,0.00,1.41,100.00,24,0,100.00,1.10,0,0,No Data,0,0,No Data,0,0,0,No Data,No Data,No Data,No Data,No Data,No Data,No Data,No Data,No Data,No Data,No Data,No Data,0,0,0,No Data,No Data,No Data,No Data,No Data,No Data,No Data,No Data,No Data,No Data,No Data,No Data,0,0,0,No Data,No Data,No Data,0,0,No Data,No Data,No Data,0,0,No Data,No Data,No Data,No Data,No Data,No Data,No Data,No Data,-85.59,Baik Sekali,-11.12,Baik,6.24,Kurang,No Data,No Data,No Data,No Data,0.00,0.00,No Data,0.00,0.00,No Data,0.00,0.00,No Data,40849,0,0.00,40849,11,0.03,25909,17587,67.88,0,0,No Data,0,0,No Data,0.00,No Data,No Data,No Data,No Data,No Data,No Data,No Data,No Data,No Data,No Data,No Data,No Data,No Data,No Data,No Data,146.92,72.16,No Data,No Data,No Data,0.86,4.76,No Data,No Data,No Data,No Data,No Data,No Data,No Data,No Data,No Data,No Data,No Data,-4.03006,122.98667,0
45,74,Sulawesi Tenggara,7412,Konawe Kepulauan,ST,20260518 ST SMAN 1 Wawonii Kab. Konawe Kepulauan,-,-,ST SMAN 1 Wawonii,Reguler,Loka Kendari,18-May-2026,XLS,0,0,No Data,No Data,No Data,No Data,No Data,No Data,No Data,0,0,No Data,No Data,No Data,No Data,No Data,No Data,No Data,0,0,No Data,No Data,No Data,No Data,No Data,No Data,No Data,0,0,No Data,No Data,No Data,No Data,No Data,No Data,No Data,10,10,100.00,112.29,118.00,121.00,68.90,No Data,100.00,52.33,50.55,80.20,29.70,93.90,3,2,2,2,0,0,No Data,No Data,No Data,No Data,No Data,0,0,No Data,No Data,No Data,No Data,No Data,10,10,100.00,4.38,5.88,3.66,2.27,117.50,3,0,0,No Data,No Data,No Data,No Data,11,11,100.00,1.82,0.00,4.37,0.00,0.00,0.00,0.00,0.00,0.00,18.18,81.82,0.00,5,5,100.00,0.80,9.97,0.00,0,0,No Data,No Data,No Data,No Data,10,0,0,100.00,0.00,0.00,4.02,100.00,0.00,1.72,100.00,20,0,100.00,1.42,0,0,No Data,0,0,No Data,0,0,0,No Data,No Data,No Data,No Data,No Data,No Data,No Data,No Data,No Data,No Data,No Data,No Data,0,0,0,No Data,No Data,No Data,No Data,No Data,No Data,No Data,No Data,No Data,No Data,No Data,No Data,0,0,0,No Data,No Data,No Data,0,0,No Data,No Data,No Data,0,0,No Data,No Data,No Data,No Data,No Data,No Data,No Data,No Data,-88.65,Baik Sekali,-9.95,Baik Sekali,10.66,Cukup,No Data,No Data,No Data,No Data,0.00,0.00,No Data,0.00,0.00,No Data,0.00,0.00,No Data,26556,0,0.00,26556,13,0.05,20295,1981,9.76,0,0,No Data,0,0,No Data,0.00,No Data,No Data,No Data,No Data,No Data,No Data,No Data,No Data,No Data,No Data,No Data,No Data,No Data,No Data,No Data,102.08,47.57,No Data,No Data,No Data,0.80,0.00,No Data,No Data,No Data,No Data,No Data,No Data,No Data,No Data,No Data,No Data,No Data,-4.03006,122.98667,0.002
46,74,Sulawesi Tenggara,7412,Konawe Kepulauan,ST,20260518 ST SMPN 1 Wawonii Barat Kab. Konawe Kepulauan,-,-,ST SMPN 1 Wawonii Barat,Reguler,Loka Kendari,18-May-2026,IOH,0,0,No Data,No Data,No Data,No Data,No Data,No Data,No Data,0,0,No Data,No Data,No Data,No Data,No Data,No Data,No Data,0,0,No Data,No Data,No Data,No Data,No Data,No Data,No Data,0,0,No Data,No Data,No Data,No Data,No Data,No Data,No Data,9,9,100.00,53.63,56.80,58.70,37.20,No Data,100.00,3.08,2.78,4.93,2.03,36.67,2,3,2,3,0,0,No Data,No Data,No Data,No Data,No Data,0,0,No Data,No Data,No Data,No Data,No Data,9,9,100.00,4.50,5.52,3.76,2.85,142.56,3,0,0,No Data,No Data,No Data,No Data,9,9,100.00,1.57,0.00,4.33,0.00,0.00,0.00,0.00,0.00,0.00,0.00,100.00,0.00,3,3,100.00,0.61,13.08,0.00,1,1,100.00,1.97,65.25,100.00,9,0,0,100.00,0.00,0.00,4.03,100.00,0.00,1.98,100.00,18,2,88.89,2.34,0,0,No Data,0,0,No Data,0,0,0,No Data,No Data,No Data,No Data,No Data,No Data,No Data,No Data,No Data,No Data,No Data,No Data,0,0,0,No Data,No Data,No Data,No Data,No Data,No Data,No Data,No Data,No Data,No Data,No Data,No Data,0,0,0,No Data,No Data,No Data,0,0,No Data,No Data,No Data,0,0,No Data,No Data,No Data,No Data,No Data,No Data,No Data,No Data,-111.27,Kurang,-9.85,Baik Sekali,7.26,Kurang,No Data,No Data,No Data,No Data,0.00,0.00,No Data,0.00,0.00,No Data,0.00,0.00,No Data,26334,24404,92.67,26334,14,0.05,23877,14428,60.43,0,0,No Data,0,0,No Data,0.00,No Data,No Data,No Data,No Data,No Data,No Data,No Data,No Data,No Data,No Data,No Data,No Data,No Data,No Data,No Data,53.63,3.08,No Data,No Data,No Data,0.46,0.49,No Data,No Data,No Data,No Data,No Data,No Data,No Data,No Data,No Data,No Data,No Data,-4.02364,122.990768,0
47,74,Sulawesi Tenggara,7412,Konawe Kepulauan,ST,20260518 ST SMPN 1 Wawonii Barat Kab. Konawe Kepulauan,-,-,ST SMPN 1 Wawonii Barat,Reguler,Loka Kendari,18-May-2026,TSEL,0,0,No Data,No Data,No Data,No Data,No Data,No Data,No Data,0,0,No Data,No Data,No Data,No Data,No Data,No Data,No Data,0,0,No Data,No Data,No Data,No Data,No Data,No Data,No Data,0,0,No Data,No Data,No Data,No Data,No Data,No Data,No Data,12,11,91.67,52.43,54.30,61.50,40.00,No Data,91.67,60.62,60.90,70.60,48.20,28.27,3,2,3,2,0,0,No Data,No Data,No Data,No Data,No Data,0,0,No Data,No Data,No Data,No Data,No Data,12,12,100.00,5.93,6.98,4.65,1.46,27.00,1,0,0,No Data,No Data,No Data,No Data,12,12,100.00,1.10,0.00,4.37,0.00,0.00,0.00,0.00,0.00,0.00,0.00,100.00,0.00,5,5,100.00,0.85,9.51,0.00,5,5,100.00,4.80,26.89,100.00,12,0,0,100.00,0.00,0.00,4.05,100.00,0.00,1.43,100.00,24,0,100.00,1.13,0,0,No Data,0,0,No Data,0,0,0,No Data,No Data,No Data,No Data,No Data,No Data,No Data,No Data,No Data,No Data,No Data,No Data,0,0,0,No Data,No Data,No Data,No Data,No Data,No Data,No Data,No Data,No Data,No Data,No Data,No Data,0,0,0,No Data,No Data,No Data,0,0,No Data,No Data,No Data,0,0,No Data,No Data,No Data,No Data,No Data,No Data,No Data,No Data,-98.47,Baik,-14.02,Cukup,1.34,Kurang,No Data,No Data,No Data,No Data,0.00,0.00,No Data,0.00,0.00,No Data,0.00,0.00,No Data,42678,5940,13.92,42678,11730,27.48,25000,23953,95.81,0,0,No Data,0,0,No Data,0.00,No Data,No Data,No Data,No Data,No Data,No Data,No Data,No Data,No Data,No Data,No Data,No Data,No Data,No Data,No Data,48.06,55.57,No Data,No Data,No Data,0.85,4.80,No Data,No Data,No Data,No Data,No Data,No Data,No Data,No Data,No Data,No Data,No Data,-4.02364,122.990768,0
48,74,Sulawesi Tenggara,7412,Konawe Kepulauan,ST,20260518 ST SMPN 1 Wawonii Barat Kab. Konawe Kepulauan,-,-,ST SMPN 1 Wawonii Barat,Reguler,Loka Kendari,18-May-2026,XLS,0,0,No Data,No Data,No Data,No Data,No Data,No Data,No Data,0,0,No Data,No Data,No Data,No Data,No Data,No Data,No Data,0,0,No Data,No Data,No Data,No Data,No Data,No Data,No Data,0,0,No Data,No Data,No Data,No Data,No Data,No Data,No Data,12,12,100.00,100.03,99.80,124.00,62.80,No Data,100.00,69.38,71.35,83.60,49.60,90.83,1,1,1,1,0,0,No Data,No Data,No Data,No Data,No Data,0,0,No Data,No Data,No Data,No Data,No Data,12,12,100.00,4.90,6.58,3.27,2.04,114.42,2,0,0,No Data,No Data,No Data,No Data,12,12,100.00,1.46,0.00,4.37,0.00,0.00,0.00,0.00,0.00,0.00,16.67,83.33,0.00,5,5,100.00,0.80,9.95,0.00,5,5,100.00,4.64,27.92,100.00,10,0,0,100.00,0.00,0.00,4.09,100.00,0.00,1.64,100.00,24,0,100.00,1.34,0,0,No Data,0,0,No Data,0,0,0,No Data,No Data,No Data,No Data,No Data,No Data,No Data,No Data,No Data,No Data,No Data,No Data,0,0,0,No Data,No Data,No Data,No Data,No Data,No Data,No Data,No Data,No Data,No Data,No Data,No Data,0,0,0,No Data,No Data,No Data,0,0,No Data,No Data,No Data,0,0,No Data,No Data,No Data,No Data,No Data,No Data,No Data,No Data,-87.86,Baik Sekali,-11.20,Baik,6.15,Kurang,No Data,No Data,No Data,No Data,0.00,0.00,No Data,0.00,0.00,No Data,0.00,0.00,No Data,25106,0,0.00,25106,748,2.98,19303,14448,74.85,0,0,No Data,0,0,No Data,0.00,No Data,No Data,No Data,No Data,No Data,No Data,No Data,No Data,No Data,No Data,No Data,No Data,No Data,No Data,No Data,100.03,69.38,No Data,No Data,No Data,0.80,4.64,No Data,No Data,No Data,No Data,No Data,No Data,No Data,No Data,No Data,No Data,No Data,-4.02364,122.990768,0
49,74,Sulawesi Tenggara,7412,Konawe Kepulauan,DT,20260519 DT Kab. Konawe Kepulauan,-,-,DT Kab. Konawe Kepulauan,Reguler,Loka Kendari,19-May-2026,IOH,0,0,No Data,No Data,No Data,No Data,No Data,No Data,No Data,0,0,No Data,No Data,No Data,No Data,No Data,No Data,No Data,0,0,No Data,No Data,No Data,No Data,No Data,No Data,No Data,0,0,No Data,No Data,No Data,No Data,No Data,No Data,No Data,3,2,66.67,261.50,261.50,312.00,211.00,No Data,66.67,18.40,18.40,27.60,9.19,29.50,1,2,1,1,0,0,No Data,No Data,No Data,No Data,No Data,0,0,No Data,No Data,No Data,No Data,No Data,2,1,50.00,5.74,5.74,5.74,1.83,75.00,1,0,0,No Data,No Data,No Data,No Data,2,2,100.00,1.46,0.00,4.35,0.00,0.00,0.00,0.00,0.00,0.00,0.00,100.00,0.00,0,0,No Data,No Data,No Data,No Data,0,0,No Data,No Data,No Data,No Data,3,1,0,66.67,33.33,0.00,4.06,100.00,0.00,1.96,100.00,12,8,33.33,0.64,0,0,No Data,0,0,No Data,0,0,0,No Data,No Data,No Data,No Data,No Data,No Data,No Data,No Data,No Data,No Data,No Data,No Data,0,0,0,No Data,No Data,No Data,No Data,No Data,No Data,No Data,No Data,No Data,No Data,No Data,No Data,0,0,0,No Data,No Data,No Data,0,0,No Data,No Data,No Data,0,0,No Data,No Data,No Data,No Data,No Data,No Data,No Data,No Data,-103.63,Cukup,-9.83,Baik Sekali,8.80,Cukup,-89.46,Baik,4.7,Cukup,0.00,0.00,No Data,0.00,0.00,No Data,0.00,0.00,No Data,20585,8359,40.61,20585,829,4.03,19919,7618,38.24,4448,666,14.97,6,4,66.67,0.00,No Data,No Data,No Data,No Data,No Data,No Data,No Data,No Data,No Data,No Data,No Data,No Data,No Data,No Data,No Data,174.33,12.26,No Data,No Data,No Data,0.00,0.00,No Data,No Data,No Data,No Data,No Data,No Data,No Data,No Data,No Data,No Data,No Data,-4.021827,122.993167,112.657
50,74,Sulawesi Tenggara,7412,Konawe Kepulauan,DT,20260519 DT Kab. Konawe Kepulauan,-,-,DT Kab. Konawe Kepulauan,Reguler,Loka Kendari,19-May-2026,TSEL,0,0,No Data,No Data,No Data,No Data,No Data,No Data,No Data,0,0,No Data,No Data,No Data,No Data,No Data,No Data,No Data,0,0,No Data,No Data,No Data,No Data,No Data,No Data,No Data,0,0,No Data,No Data,No Data,No Data,No Data,No Data,No Data,13,7,53.85,81.54,77.10,164.00,3.06,No Data,53.85,20.91,13.90,63.40,0.15,40.71,2,1,2,2,0,0,No Data,No Data,No Data,No Data,No Data,0,0,No Data,No Data,No Data,No Data,No Data,14,7,50.00,5.16,6.86,1.48,2.00,47.43,2,0,0,No Data,No Data,No Data,No Data,14,9,64.29,2.67,0.00,4.11,0.00,0.00,0.00,11.11,11.11,0.00,22.22,55.56,0.00,1,1,100.00,0.68,11.78,0.00,1,1,100.00,2.32,55.53,100.00,19,10,0,47.37,52.63,0.00,4.01,100.00,0.00,5.10,88.89,30,17,43.33,1.59,0,0,No Data,0,0,No Data,0,0,0,No Data,No Data,No Data,No Data,No Data,No Data,No Data,No Data,No Data,No Data,No Data,No Data,0,0,0,No Data,No Data,No Data,No Data,No Data,No Data,No Data,No Data,No Data,No Data,No Data,No Data,0,0,0,No Data,No Data,No Data,0,0,No Data,No Data,No Data,0,0,No Data,No Data,No Data,No Data,No Data,No Data,No Data,No Data,-103.82,Cukup,-11.19,Baik,8.95,Cukup,-89.05,Baik,2.0,Baik,0.00,0.00,No Data,0.00,0.00,No Data,0.00,0.00,No Data,37805,17549,46.42,37805,4279,11.32,25814,12920,50.05,1568,177,11.29,66,11,16.67,0.00,No Data,No Data,No Data,No Data,No Data,No Data,No Data,No Data,No Data,No Data,No Data,No Data,No Data,No Data,No Data,43.90,11.26,No Data,No Data,No Data,0.11,0.39,No Data,No Data,No Data,No Data,No Data,No Data,No Data,No Data,No Data,No Data,No Data,-4.021827,122.993167,113.414
51,74,Sulawesi Tenggara,7412,Konawe Kepulauan,DT,20260519 DT Kab. Konawe Kepulauan,-,-,DT Kab. Konawe Kepulauan,Reguler,Loka Kendari,19-May-2026,XLS,0,0,No Data,No Data,No Data,No Data,No Data,No Data,No Data,0,0,No Data,No Data,No Data,No Data,No Data,No Data,No Data,0,0,No Data,No Data,No Data,No Data,No Data,No Data,No Data,0,0,No Data,No Data,No Data,No Data,No Data,No Data,No Data,4,4,100.00,62.33,57.90,119.00,14.50,No Data,100.00,3.05,2.00,7.94,0.26,107.25,3,3,3,3,0,0,No Data,No Data,No Data,No Data,No Data,0,0,No Data,No Data,No Data,No Data,No Data,4,3,75.00,4.84,9.11,1.06,4.94,123.33,3,0,0,No Data,No Data,No Data,No Data,5,2,40.00,2.63,0.00,4.28,0.00,0.00,0.00,0.00,0.00,0.00,50.00,50.00,0.00,1,1,100.00,0.11,73.06,100.00,0,0,No Data,No Data,No Data,No Data,5,0,0,100.00,0.00,0.00,3.25,100.00,0.00,2.39,100.00,32,19,40.63,2.31,0,0,No Data,0,0,No Data,0,0,0,No Data,No Data,No Data,No Data,No Data,No Data,No Data,No Data,No Data,No Data,No Data,No Data,0,0,0,No Data,No Data,No Data,No Data,No Data,No Data,No Data,No Data,No Data,No Data,No Data,No Data,0,0,0,No Data,No Data,No Data,0,0,No Data,No Data,No Data,0,0,No Data,No Data,No Data,No Data,No Data,No Data,No Data,No Data,-108.71,Kurang,-9.83,Baik Sekali,8.68,Cukup,-90.12,Baik,No Data,No Data,0.00,0.00,No Data,0.00,0.00,No Data,0.00,0.00,No Data,27063,17067,63.06,27063,1616,5.97,23261,12355,53.11,2598,599,23.06,0,0,No Data,0.00,No Data,No Data,No Data,No Data,No Data,No Data,No Data,No Data,No Data,No Data,No Data,No Data,No Data,No Data,No Data,62.33,3.05,No Data,No Data,No Data,0.05,0.00,No Data,No Data,No Data,No Data,No Data,No Data,No Data,No Data,No Data,No Data,No Data,-4.021827,122.993167,112.651
52,74,Sulawesi Tenggara,7412,Konawe Kepulauan,ST,20260519 ST SMPN 2 Wawonii Tenggara Kab. Konawe Kepulauan,-,-,ST SMPN 2 Wawonii Tenggara,Reguler,Loka Kendari,19-May-2026,IOH,0,0,No Data,No Data,No Data,No Data,No Data,No Data,No Data,0,0,No Data,No Data,No Data,No Data,No Data,No Data,No Data,0,0,No Data,No Data,No Data,No Data,No Data,No Data,No Data,0,0,No Data,No Data,No Data,No Data,No Data,No Data,No Data,0,0,No Data,No Data,No Data,No Data,No Data,No Data,No Data,No Data,No Data,No Data,No Data,No Data,No Data,No Data,No Data,No Data,0,0,No Data,No Data,No Data,No Data,No Data,0,0,No Data,No Data,No Data,No Data,No Data,0,0,No Data,No Data,No Data,No Data,No Data,No Data,No Data,0,0,No Data,No Data,No Data,No Data,0,0,No Data,No Data,No Data,No Data,No Data,No Data,No Data,No Data,No Data,No Data,No Data,No Data,No Data,0,0,No Data,No Data,No Data,No Data,0,0,No Data,No Data,No Data,No Data,1,1,0,0.00,100.00,0.00,No Data,No Data,No Data,No Data,No Data,2,2,0.00,No Data,0,0,No Data,0,0,No Data,0,0,0,No Data,No Data,No Data,No Data,No Data,No Data,No Data,No Data,No Data,No Data,No Data,No Data,0,0,0,No Data,No Data,No Data,No Data,No Data,No Data,No Data,No Data,No Data,No Data,No Data,No Data,0,0,0,No Data,No Data,No Data,0,0,No Data,No Data,No Data,0,0,No Data,No Data,No Data,No Data,No Data,No Data,No Data,No Data,No Data,No Data,No Data,No Data,No Data,No Data,-65.63,Baik Sekali,No Data,No Data,0.00,0.00,No Data,0.00,0.00,No Data,0.00,0.00,No Data,0,0,No Data,0,0,No Data,0,0,No Data,1896,0,0.00,0,0,No Data,0.00,No Data,No Data,No Data,No Data,No Data,No Data,No Data,No Data,No Data,No Data,No Data,No Data,No Data,No Data,No Data,No Data,No Data,No Data,No Data,No Data,No Data,No Data,No Data,No Data,No Data,No Data,No Data,No Data,No Data,No Data,No Data,No Data,No Data,-4.248419,123.09707,0.003
53,74,Sulawesi Tenggara,7412,Konawe Kepulauan,ST,20260519 ST SMPN 2 Wawonii Tenggara Kab. Konawe Kepulauan,-,-,ST SMPN 2 Wawonii Tenggara,Reguler,Loka Kendari,19-May-2026,TSEL,0,0,No Data,No Data,No Data,No Data,No Data,No Data,No Data,0,0,No Data,No Data,No Data,No Data,No Data,No Data,No Data,0,0,No Data,No Data,No Data,No Data,No Data,No Data,No Data,0,0,No Data,No Data,No Data,No Data,No Data,No Data,No Data,12,12,100.00,139.08,137.00,161.00,125.00,No Data,100.00,62.83,64.65,72.80,45.00,54.58,1,1,1,1,0,0,No Data,No Data,No Data,No Data,No Data,0,0,No Data,No Data,No Data,No Data,No Data,12,12,100.00,5.64,6.38,3.92,1.55,56.67,1,0,0,No Data,No Data,No Data,No Data,12,12,100.00,1.49,0.00,4.38,0.00,0.00,0.00,0.00,0.00,0.00,8.33,91.67,0.00,5,5,100.00,0.88,9.12,0.00,5,5,100.00,4.68,27.56,100.00,11,0,0,100.00,0.00,0.00,4.08,100.00,0.00,1.40,100.00,24,0,100.00,1.09,0,0,No Data,0,0,No Data,0,0,0,No Data,No Data,No Data,No Data,No Data,No Data,No Data,No Data,No Data,No Data,No Data,No Data,0,0,0,No Data,No Data,No Data,No Data,No Data,No Data,No Data,No Data,No Data,No Data,No Data,No Data,0,0,0,No Data,No Data,No Data,0,0,No Data,No Data,No Data,0,0,No Data,No Data,No Data,No Data,No Data,No Data,No Data,No Data,-88.02,Baik Sekali,-10.05,Baik,8.60,Cukup,No Data,No Data,No Data,No Data,0.00,0.00,No Data,0.00,0.00,No Data,0.00,0.00,No Data,45288,0,0.00,45288,41,0.09,23492,17661,75.18,0,0,No Data,0,0,No Data,0.00,No Data,No Data,No Data,No Data,No Data,No Data,No Data,No Data,No Data,No Data,No Data,No Data,No Data,No Data,No Data,139.08,62.83,No Data,No Data,No Data,0.88,4.68,No Data,No Data,No Data,No Data,No Data,No Data,No Data,No Data,No Data,No Data,No Data,-4.248419,123.09707,0
54,74,Sulawesi Tenggara,7412,Konawe Kepulauan,ST,20260519 ST SMPN 2 Wawonii Tenggara Kab. Konawe Kepulauan,-,-,ST SMPN 2 Wawonii Tenggara,Reguler,Loka Kendari,19-May-2026,XLS,0,0,No Data,No Data,No Data,No Data,No Data,No Data,No Data,0,0,No Data,No Data,No Data,No Data,No Data,No Data,No Data,0,0,No Data,No Data,No Data,No Data,No Data,No Data,No Data,0,0,No Data,No Data,No Data,No Data,No Data,No Data,No Data,0,0,No Data,No Data,No Data,No Data,No Data,No Data,No Data,No Data,No Data,No Data,No Data,No Data,No Data,No Data,No Data,No Data,0,0,No Data,No Data,No Data,No Data,No Data,0,0,No Data,No Data,No Data,No Data,No Data,0,0,No Data,No Data,No Data,No Data,No Data,No Data,No Data,0,0,No Data,No Data,No Data,No Data,0,0,No Data,No Data,No Data,No Data,No Data,No Data,No Data,No Data,No Data,No Data,No Data,No Data,No Data,0,0,No Data,No Data,No Data,No Data,0,0,No Data,No Data,No Data,No Data,0,0,0,No Data,No Data,No Data,No Data,No Data,No Data,No Data,No Data,2,2,0.00,No Data,0,0,No Data,0,0,No Data,0,0,0,No Data,No Data,No Data,No Data,No Data,No Data,No Data,No Data,No Data,No Data,No Data,No Data,0,0,0,No Data,No Data,No Data,No Data,No Data,No Data,No Data,No Data,No Data,No Data,No Data,No Data,0,0,0,No Data,No Data,No Data,0,0,No Data,No Data,No Data,0,0,No Data,No Data,No Data,No Data,No Data,No Data,No Data,No Data,No Data,No Data,No Data,No Data,No Data,No Data,-64.26,Baik Sekali,No Data,No Data,0.00,0.00,No Data,0.00,0.00,No Data,0.00,0.00,No Data,0,0,No Data,0,0,No Data,0,0,No Data,2574,0,0.00,0,0,No Data,0.00,No Data,No Data,No Data,No Data,No Data,No Data,No Data,No Data,No Data,No Data,No Data,No Data,No Data,No Data,No Data,No Data,No Data,No Data,No Data,No Data,No Data,No Data,No Data,No Data,No Data,No Data,No Data,No Data,No Data,No Data,No Data,No Data,No Data,-4.248419,123.09707,0.002
55,74,Sulawesi Tenggara,7404,Buton,DT,20260609 DT Kab. Buton,-,-,DT Kab. Buton,Reguler,Loka Kendari,09-Jun-2026,IOH,0,0,No Data,No Data,No Data,No Data,No Data,No Data,No Data,0,0,No Data,No Data,No Data,No Data,No Data,No Data,No Data,0,0,No Data,No Data,No Data,No Data,No Data,No Data,No Data,0,0,No Data,No Data,No Data,No Data,No Data,No Data,No Data,20,19,95.00,62.65,58.20,140.00,3.83,No Data,95.00,16.38,14.40,53.00,0.38,45.42,2,2,2,2,0,0,No Data,No Data,No Data,No Data,No Data,0,0,No Data,No Data,No Data,No Data,No Data,20,20,100.00,4.28,9.60,0.63,3.62,100.95,2,0,0,No Data,No Data,No Data,No Data,16,15,93.75,2.18,0.00,4.21,0.00,0.00,0.00,0.00,0.00,0.00,100.00,0.00,0.00,8,8,100.00,0.63,18.24,25.00,7,6,85.71,3.08,43.63,100.00,40,0,1,97.50,0.00,2.50,3.89,97.44,2.56,1.96,100.00,86,21,75.58,1.51,0,0,No Data,0,0,No Data,0,0,0,No Data,No Data,No Data,No Data,No Data,No Data,No Data,No Data,No Data,No Data,No Data,No Data,0,0,0,No Data,No Data,No Data,No Data,No Data,No Data,No Data,No Data,No Data,No Data,No Data,No Data,0,0,0,No Data,No Data,No Data,0,0,No Data,No Data,No Data,0,0,No Data,No Data,No Data,No Data,No Data,No Data,No Data,No Data,-99.60,Baik,-8.89,Baik Sekali,13.91,Cukup,-85.99,Baik,3.7,Baik,0.00,0.00,No Data,0.00,0.00,No Data,0.00,0.00,No Data,101183,33147,32.76,101183,2563,2.53,92256,28114,30.47,3458,643,18.59,23,10,43.48,0.00,No Data,No Data,No Data,No Data,No Data,No Data,No Data,No Data,No Data,No Data,No Data,No Data,No Data,No Data,No Data,59.52,15.56,No Data,No Data,No Data,0.56,2.06,No Data,No Data,No Data,No Data,No Data,No Data,No Data,No Data,No Data,No Data,No Data,-5.20588,123.108996,115.106
56,74,Sulawesi Tenggara,7404,Buton,DT,20260609 DT Kab. Buton,-,-,DT Kab. Buton,Reguler,Loka Kendari,09-Jun-2026,TSEL,0,0,No Data,No Data,No Data,No Data,No Data,No Data,No Data,0,0,No Data,No Data,No Data,No Data,No Data,No Data,No Data,0,0,No Data,No Data,No Data,No Data,No Data,No Data,No Data,0,0,No Data,No Data,No Data,No Data,No Data,No Data,No Data,53,46,86.79,123.80,102.50,379.00,1.78,No Data,86.79,37.80,29.55,99.10,0.34,24.72,1,1,1,1,0,0,No Data,No Data,No Data,No Data,No Data,0,0,No Data,No Data,No Data,No Data,No Data,54,49,90.74,5.39,13.58,1.17,2.28,37.16,1,0,0,No Data,No Data,No Data,No Data,53,48,90.57,1.72,0.00,4.23,0.00,0.01,0.00,0.00,0.00,2.08,97.92,0.00,0.00,22,22,100.00,0.80,10.38,4.55,0,0,No Data,No Data,No Data,No Data,53,6,2,84.91,11.32,3.77,3.79,100.00,0.00,2.23,97.78,112,26,76.79,1.31,0,0,No Data,0,0,No Data,0,0,0,No Data,No Data,No Data,No Data,No Data,No Data,No Data,No Data,No Data,No Data,No Data,No Data,0,0,0,No Data,No Data,No Data,No Data,No Data,No Data,No Data,No Data,No Data,No Data,No Data,No Data,0,0,0,No Data,No Data,No Data,0,0,No Data,No Data,No Data,0,0,No Data,No Data,No Data,No Data,No Data,No Data,No Data,No Data,-98.09,Baik,-11.10,Baik,9.49,Cukup,-86.68,Baik,3.8,Baik,0.00,0.00,No Data,0.00,0.00,No Data,0.00,0.00,No Data,192381,55610,28.91,192381,23414,12.17,115005,54660,47.53,1551,393,25.34,60,24,40.00,0.00,No Data,No Data,No Data,No Data,No Data,No Data,No Data,No Data,No Data,No Data,No Data,No Data,No Data,No Data,No Data,107.45,32.81,No Data,No Data,No Data,0.73,0.00,No Data,No Data,No Data,No Data,No Data,No Data,No Data,No Data,No Data,No Data,No Data,-5.20588,123.108996,114.283
57,74,Sulawesi Tenggara,7404,Buton,DT,20260609 DT Kab. Buton,-,-,DT Kab. Buton,Reguler,Loka Kendari,09-Jun-2026,XLS,0,0,No Data,No Data,No Data,No Data,No Data,No Data,No Data,0,0,No Data,No Data,No Data,No Data,No Data,No Data,No Data,0,0,No Data,No Data,No Data,No Data,No Data,No Data,No Data,0,0,No Data,No Data,No Data,No Data,No Data,No Data,No Data,4,3,75.00,5.22,3.96,8.71,2.98,No Data,75.00,2.48,3.39,3.97,0.08,57.00,3,3,3,3,0,0,No Data,No Data,No Data,No Data,No Data,0,0,No Data,No Data,No Data,No Data,No Data,3,2,66.67,1.24,2.02,0.46,15.37,112.50,3,0,0,No Data,No Data,No Data,No Data,3,1,33.33,15.23,100.00,2.51,0.00,0.01,0.00,100.00,0.00,0.00,0.00,0.00,0.00,1,1,100.00,0.39,20.42,100.00,0,0,No Data,No Data,No Data,No Data,13,12,0,7.69,92.31,0.00,No Data,No Data,No Data,3.08,100.00,12,3,75.00,1.87,0,0,No Data,0,0,No Data,0,0,0,No Data,No Data,No Data,No Data,No Data,No Data,No Data,No Data,No Data,No Data,No Data,No Data,0,0,0,No Data,No Data,No Data,No Data,No Data,No Data,No Data,No Data,No Data,No Data,No Data,No Data,0,0,0,No Data,No Data,No Data,0,0,No Data,No Data,No Data,0,0,No Data,No Data,No Data,No Data,No Data,No Data,No Data,No Data,-99.17,Baik,-9.63,Baik Sekali,11.86,Cukup,-88.57,Baik,2.0,Baik,0.00,0.00,No Data,0.00,0.00,No Data,0.00,0.00,No Data,10388,3274,31.52,10388,398,3.83,9277,2773,29.89,1375,141,10.25,7,2,28.57,0.00,No Data,No Data,No Data,No Data,No Data,No Data,No Data,No Data,No Data,No Data,No Data,No Data,No Data,No Data,No Data,3.91,1.86,No Data,No Data,No Data,0.20,0.00,No Data,No Data,No Data,No Data,No Data,No Data,No Data,No Data,No Data,No Data,No Data,-5.20588,123.108996,38.765
58,74,Sulawesi Tenggara,7404,Buton,ST,20260610 ST Polres Buton Kab. Buton,-,-,ST Polres Buton,Reguler,Loka Kendari,10-Jun-2026,IOH,0,0,No Data,No Data,No Data,No Data,No Data,No Data,No Data,0,0,No Data,No Data,No Data,No Data,No Data,No Data,No Data,0,0,No Data,No Data,No Data,No Data,No Data,No Data,No Data,0,0,No Data,No Data,No Data,No Data,No Data,No Data,No Data,10,10,100.00,63.09,65.00,71.90,41.00,No Data,100.00,4.22,4.39,4.96,3.15,34.70,1,3,1,3,0,0,No Data,No Data,No Data,No Data,No Data,0,0,No Data,No Data,No Data,No Data,No Data,10,10,100.00,5.34,6.19,4.53,2.27,78.30,2,0,0,No Data,No Data,No Data,No Data,11,11,100.00,1.43,0.00,4.29,0.00,0.00,0.00,0.00,0.00,0.00,100.00,0.00,0.00,5,5,100.00,0.53,15.11,60.00,4,4,100.00,1.87,69.19,100.00,10,0,0,100.00,0.00,0.00,4.04,100.00,0.00,1.61,100.00,20,0,100.00,1.98,0,0,No Data,0,0,No Data,0,0,0,No Data,No Data,No Data,No Data,No Data,No Data,No Data,No Data,No Data,No Data,No Data,No Data,0,0,0,No Data,No Data,No Data,No Data,No Data,No Data,No Data,No Data,No Data,No Data,No Data,No Data,0,0,0,No Data,No Data,No Data,0,0,No Data,No Data,No Data,0,0,No Data,No Data,No Data,No Data,No Data,No Data,No Data,No Data,-108.44,Kurang,-11.48,Baik,11.96,Cukup,No Data,No Data,No Data,No Data,0.00,0.00,No Data,0.00,0.00,No Data,0.00,0.00,No Data,13205,10589,80.19,13205,784,5.94,13205,722,5.47,0,0,No Data,0,0,No Data,0.00,No Data,No Data,No Data,No Data,No Data,No Data,No Data,No Data,No Data,No Data,No Data,No Data,No Data,No Data,No Data,57.35,3.84,No Data,No Data,No Data,0.53,1.49,No Data,No Data,No Data,No Data,No Data,No Data,No Data,No Data,No Data,No Data,No Data,-5.520664,122.838334,0.001
59,74,Sulawesi Tenggara,7404,Buton,ST,20260610 ST Polres Buton Kab. Buton,-,-,ST Polres Buton,Reguler,Loka Kendari,10-Jun-2026,TSEL,0,0,No Data,No Data,No Data,No Data,No Data,No Data,No Data,0,0,No Data,No Data,No Data,No Data,No Data,No Data,No Data,0,0,No Data,No Data,No Data,No Data,No Data,No Data,No Data,0,0,No Data,No Data,No Data,No Data,No Data,No Data,No Data,10,10,100.00,45.84,38.80,104.00,24.80,No Data,100.00,5.68,5.69,8.15,3.42,24.40,2,2,2,2,0,0,No Data,No Data,No Data,No Data,No Data,0,0,No Data,No Data,No Data,No Data,No Data,10,10,100.00,6.03,7.46,5.14,1.41,28.60,1,0,0,No Data,No Data,No Data,No Data,10,10,100.00,1.53,0.00,4.24,0.00,0.01,0.00,0.00,0.00,0.00,100.00,0.00,0.00,5,5,100.00,0.49,24.74,60.00,0,0,No Data,No Data,No Data,No Data,10,0,0,100.00,0.00,0.00,3.95,100.00,0.00,2.18,100.00,20,0,100.00,1.76,0,0,No Data,0,0,No Data,0,0,0,No Data,No Data,No Data,No Data,No Data,No Data,No Data,No Data,No Data,No Data,No Data,No Data,0,0,0,No Data,No Data,No Data,No Data,No Data,No Data,No Data,No Data,No Data,No Data,No Data,No Data,0,0,0,No Data,No Data,No Data,0,0,No Data,No Data,No Data,0,0,No Data,No Data,No Data,No Data,No Data,No Data,No Data,No Data,-105.50,Kurang,-16.08,Kurang,2.40,Kurang,No Data,No Data,No Data,No Data,0.00,0.00,No Data,0.00,0.00,No Data,0.00,0.00,No Data,39190,25861,65.99,39190,21995,56.12,18827,12507,66.43,0,0,No Data,0,0,No Data,0.00,No Data,No Data,No Data,No Data,No Data,No Data,No Data,No Data,No Data,No Data,No Data,No Data,No Data,No Data,No Data,45.84,5.68,No Data,No Data,No Data,0.49,0.00,No Data,No Data,No Data,No Data,No Data,No Data,No Data,No Data,No Data,No Data,No Data,-5.520664,122.838334,0.005
60,74,Sulawesi Tenggara,7404,Buton,ST,20260610 ST Polres Buton Kab. Buton,-,-,ST Polres Buton,Reguler,Loka Kendari,10-Jun-2026,XLS,0,0,No Data,No Data,No Data,No Data,No Data,No Data,No Data,0,0,No Data,No Data,No Data,No Data,No Data,No Data,No Data,0,0,No Data,No Data,No Data,No Data,No Data,No Data,No Data,0,0,No Data,No Data,No Data,No Data,No Data,No Data,No Data,11,10,90.91,5.92,5.46,8.63,4.07,No Data,90.91,7.35,7.64,9.22,4.11,94.70,3,1,3,1,0,0,No Data,No Data,No Data,No Data,No Data,0,0,No Data,No Data,No Data,No Data,No Data,10,9,90.00,1.89,2.73,1.46,3.66,534.00,3,0,0,No Data,No Data,No Data,No Data,11,10,90.91,5.28,20.00,4.00,0.00,0.00,0.00,10.00,0.00,20.00,70.00,0.00,0.00,5,5,100.00,0.64,12.97,20.00,5,5,100.00,3.54,36.79,100.00,9,0,0,100.00,0.00,0.00,3.27,100.00,0.00,2.24,100.00,20,3,85.00,1.97,0,0,No Data,0,0,No Data,0,0,0,No Data,No Data,No Data,No Data,No Data,No Data,No Data,No Data,No Data,No Data,No Data,No Data,0,0,0,No Data,No Data,No Data,No Data,No Data,No Data,No Data,No Data,No Data,No Data,No Data,No Data,0,0,0,No Data,No Data,No Data,0,0,No Data,No Data,No Data,0,0,No Data,No Data,No Data,No Data,No Data,No Data,No Data,No Data,-112.79,Kurang,-7.93,Baik Sekali,10.00,Cukup,-78.30,Baik Sekali,2.3,Baik,0.00,0.00,No Data,0.00,0.00,No Data,0.00,0.00,No Data,17583,17569,99.92,17583,11,0.06,12314,2750,22.33,87,0,0.00,3,1,33.33,0.00,No Data,No Data,No Data,No Data,No Data,No Data,No Data,No Data,No Data,No Data,No Data,No Data,No Data,No Data,No Data,5.38,6.69,No Data,No Data,No Data,0.64,3.54,No Data,No Data,No Data,No Data,No Data,No Data,No Data,No Data,No Data,No Data,No Data,-5.520664,122.838334,0
61,74,Sulawesi Tenggara,7404,Buton,ST,20260610 ST Puskesmas Lasalimu Kab. Buton,-,-,ST Puskesmas Lasalimu,Reguler,Loka Kendari,10-Jun-2026,IOH,0,0,No Data,No Data,No Data,No Data,No Data,No Data,No Data,0,0,No Data,No Data,No Data,No Data,No Data,No Data,No Data,0,0,No Data,No Data,No Data,No Data,No Data,No Data,No Data,0,0,No Data,No Data,No Data,No Data,No Data,No Data,No Data,0,0,No Data,No Data,No Data,No Data,No Data,No Data,No Data,No Data,No Data,No Data,No Data,No Data,No Data,No Data,No Data,No Data,0,0,No Data,No Data,No Data,No Data,No Data,0,0,No Data,No Data,No Data,No Data,No Data,0,0,No Data,No Data,No Data,No Data,No Data,No Data,No Data,0,0,No Data,No Data,No Data,No Data,0,0,No Data,No Data,No Data,No Data,No Data,No Data,No Data,No Data,No Data,No Data,No Data,No Data,No Data,0,0,No Data,No Data,No Data,No Data,0,0,No Data,No Data,No Data,No Data,1,0,0,100.00,0.00,0.00,4.10,100.00,0.00,1.66,100.00,2,2,0.00,No Data,0,0,No Data,0,0,No Data,0,0,0,No Data,No Data,No Data,No Data,No Data,No Data,No Data,No Data,No Data,No Data,No Data,No Data,0,0,0,No Data,No Data,No Data,No Data,No Data,No Data,No Data,No Data,No Data,No Data,No Data,No Data,0,0,0,No Data,No Data,No Data,0,0,No Data,No Data,No Data,0,0,No Data,No Data,No Data,No Data,No Data,No Data,No Data,No Data,No Data,No Data,No Data,No Data,No Data,No Data,-85.37,Baik,No Data,No Data,0.00,0.00,No Data,0.00,0.00,No Data,0.00,0.00,No Data,0,0,No Data,0,0,No Data,0,0,No Data,4009,0,0.00,0,0,No Data,0.00,No Data,No Data,No Data,No Data,No Data,No Data,No Data,No Data,No Data,No Data,No Data,No Data,No Data,No Data,No Data,No Data,No Data,No Data,No Data,No Data,No Data,No Data,No Data,No Data,No Data,No Data,No Data,No Data,No Data,No Data,No Data,No Data,No Data,-5.172766,123.063038,0.005
62,74,Sulawesi Tenggara,7404,Buton,ST,20260610 ST Puskesmas Lasalimu Kab. Buton,-,-,ST Puskesmas Lasalimu,Reguler,Loka Kendari,10-Jun-2026,TSEL,0,0,No Data,No Data,No Data,No Data,No Data,No Data,No Data,0,0,No Data,No Data,No Data,No Data,No Data,No Data,No Data,0,0,No Data,No Data,No Data,No Data,No Data,No Data,No Data,0,0,No Data,No Data,No Data,No Data,No Data,No Data,No Data,10,10,100.00,99.84,102.00,133.00,64.50,No Data,100.00,5.74,5.72,8.87,2.81,24.60,1,1,1,1,0,0,No Data,No Data,No Data,No Data,No Data,0,0,No Data,No Data,No Data,No Data,No Data,10,10,100.00,6.11,7.84,4.53,1.51,32.40,1,0,0,No Data,No Data,No Data,No Data,11,11,100.00,0.96,0.00,4.25,0.00,0.00,0.00,0.00,0.00,0.00,100.00,0.00,0.00,4,4,100.00,0.79,10.30,0.00,0,0,No Data,No Data,No Data,No Data,11,2,0,81.82,18.18,0.00,4.02,100.00,0.00,1.37,100.00,20,0,100.00,1.71,0,0,No Data,0,0,No Data,0,0,0,No Data,No Data,No Data,No Data,No Data,No Data,No Data,No Data,No Data,No Data,No Data,No Data,0,0,0,No Data,No Data,No Data,No Data,No Data,No Data,No Data,No Data,No Data,No Data,No Data,No Data,0,0,0,No Data,No Data,No Data,0,0,No Data,No Data,No Data,0,0,No Data,No Data,No Data,No Data,No Data,No Data,No Data,No Data,-106.51,Kurang,-10.20,Baik,5.19,Kurang,No Data,No Data,No Data,No Data,0.00,0.00,No Data,0.00,0.00,No Data,0.00,0.00,No Data,35927,24240,67.47,35927,7,0.02,25601,19683,76.88,0,0,No Data,0,0,No Data,0.00,No Data,No Data,No Data,No Data,No Data,No Data,No Data,No Data,No Data,No Data,No Data,No Data,No Data,No Data,No Data,90.76,5.22,No Data,No Data,No Data,0.63,0.00,No Data,No Data,No Data,No Data,No Data,No Data,No Data,No Data,No Data,No Data,No Data,-5.172766,123.063038,0.002
63,74,Sulawesi Tenggara,7404,Buton,ST,20260610 ST Puskesmas Lasalimu Kab. Buton,-,-,ST Puskesmas Lasalimu,Reguler,Loka Kendari,10-Jun-2026,XLS,0,0,No Data,No Data,No Data,No Data,No Data,No Data,No Data,0,0,No Data,No Data,No Data,No Data,No Data,No Data,No Data,0,0,No Data,No Data,No Data,No Data,No Data,No Data,No Data,0,0,No Data,No Data,No Data,No Data,No Data,No Data,No Data,0,0,No Data,No Data,No Data,No Data,No Data,No Data,No Data,No Data,No Data,No Data,No Data,No Data,No Data,No Data,No Data,No Data,0,0,No Data,No Data,No Data,No Data,No Data,0,0,No Data,No Data,No Data,No Data,No Data,0,0,No Data,No Data,No Data,No Data,No Data,No Data,No Data,0,0,No Data,No Data,No Data,No Data,0,0,No Data,No Data,No Data,No Data,No Data,No Data,No Data,No Data,No Data,No Data,No Data,No Data,No Data,0,0,No Data,No Data,No Data,No Data,0,0,No Data,No Data,No Data,No Data,2,2,0,0.00,100.00,0.00,No Data,No Data,No Data,No Data,No Data,2,2,0.00,No Data,0,0,No Data,0,0,No Data,0,0,0,No Data,No Data,No Data,No Data,No Data,No Data,No Data,No Data,No Data,No Data,No Data,No Data,0,0,0,No Data,No Data,No Data,No Data,No Data,No Data,No Data,No Data,No Data,No Data,No Data,No Data,0,0,0,No Data,No Data,No Data,0,0,No Data,No Data,No Data,0,0,No Data,No Data,No Data,No Data,No Data,No Data,No Data,No Data,No Data,No Data,No Data,No Data,No Data,No Data,-87.59,Baik,No Data,No Data,0.00,0.00,No Data,0.00,0.00,No Data,0.00,0.00,No Data,0,0,No Data,0,0,No Data,0,0,No Data,2093,0,0.00,0,0,No Data,0.00,No Data,No Data,No Data,No Data,No Data,No Data,No Data,No Data,No Data,No Data,No Data,No Data,No Data,No Data,No Data,No Data,No Data,No Data,No Data,No Data,No Data,No Data,No Data,No Data,No Data,No Data,No Data,No Data,No Data,No Data,No Data,No Data,No Data,-5.172766,123.063038,0.005
64,74,Sulawesi Tenggara,7404,Buton,ST,20260610 ST SMAN 1 Pasarwajo Kab. Buton,-,-,ST SMAN 1 Pasarwajo,Reguler,Loka Kendari,10-Jun-2026,IOH,0,0,No Data,No Data,No Data,No Data,No Data,No Data,No Data,0,0,No Data,No Data,No Data,No Data,No Data,No Data,No Data,0,0,No Data,No Data,No Data,No Data,No Data,No Data,No Data,0,0,No Data,No Data,No Data,No Data,No Data,No Data,No Data,9,9,100.00,75.96,78.00,90.80,54.10,No Data,100.00,12.60,11.00,27.00,6.53,34.44,2,3,2,3,0,0,No Data,No Data,No Data,No Data,No Data,0,0,No Data,No Data,No Data,No Data,No Data,9,9,100.00,5.90,9.36,4.53,1.69,78.89,2,0,0,No Data,No Data,No Data,No Data,7,7,100.00,1.23,0.00,4.22,0.00,0.00,0.00,0.00,0.00,0.00,100.00,0.00,0.00,4,4,100.00,0.79,10.31,0.00,4,4,100.00,3.26,40.51,100.00,8,0,0,100.00,0.00,0.00,3.78,100.00,0.00,1.49,100.00,18,0,100.00,1.38,0,0,No Data,0,0,No Data,0,0,0,No Data,No Data,No Data,No Data,No Data,No Data,No Data,No Data,No Data,No Data,No Data,No Data,0,0,0,No Data,No Data,No Data,No Data,No Data,No Data,No Data,No Data,No Data,No Data,No Data,No Data,0,0,0,No Data,No Data,No Data,0,0,No Data,No Data,No Data,0,0,No Data,No Data,No Data,No Data,No Data,No Data,No Data,No Data,-101.50,Baik,-10.79,Baik,13.03,Cukup,No Data,No Data,No Data,No Data,0.00,0.00,No Data,0.00,0.00,No Data,0.00,0.00,No Data,16418,5236,31.89,16418,1398,8.52,15907,1590,10.00,0,0,No Data,0,0,No Data,0.00,No Data,No Data,No Data,No Data,No Data,No Data,No Data,No Data,No Data,No Data,No Data,No Data,No Data,No Data,No Data,68.36,11.34,No Data,No Data,No Data,0.79,3.26,No Data,No Data,No Data,No Data,No Data,No Data,No Data,No Data,No Data,No Data,No Data,-5.495922,122.843827,0.012
65,74,Sulawesi Tenggara,7404,Buton,ST,20260610 ST SMAN 1 Pasarwajo Kab. Buton,-,-,ST SMAN 1 Pasarwajo,Reguler,Loka Kendari,10-Jun-2026,TSEL,0,0,No Data,No Data,No Data,No Data,No Data,No Data,No Data,0,0,No Data,No Data,No Data,No Data,No Data,No Data,No Data,0,0,No Data,No Data,No Data,No Data,No Data,No Data,No Data,0,0,No Data,No Data,No Data,No Data,No Data,No Data,No Data,11,11,100.00,110.10,92.30,209.00,32.10,No Data,100.00,35.36,35.30,55.50,15.20,22.82,1,1,1,1,0,0,No Data,No Data,No Data,No Data,No Data,0,0,No Data,No Data,No Data,No Data,No Data,11,11,100.00,5.96,9.67,0.69,2.31,26.36,1,0,0,No Data,No Data,No Data,No Data,11,11,100.00,1.03,0.00,4.27,0.00,0.00,0.00,0.00,0.00,0.00,100.00,0.00,0.00,5,5,100.00,0.88,9.12,0.00,0,0,No Data,No Data,No Data,No Data,10,0,0,100.00,0.00,0.00,3.93,100.00,0.00,2.42,100.00,22,0,100.00,1.19,0,0,No Data,0,0,No Data,0,0,0,No Data,No Data,No Data,No Data,No Data,No Data,No Data,No Data,No Data,No Data,No Data,No Data,0,0,0,No Data,No Data,No Data,No Data,No Data,No Data,No Data,No Data,No Data,No Data,No Data,No Data,0,0,0,No Data,No Data,No Data,0,0,No Data,No Data,No Data,0,0,No Data,No Data,No Data,No Data,No Data,No Data,No Data,No Data,-93.61,Baik,-13.38,Cukup,0.89,Kurang,No Data,No Data,No Data,No Data,0.00,0.00,No Data,0.00,0.00,No Data,0.00,0.00,No Data,43022,271,0.63,43022,8752,20.34,26541,25158,94.79,0,0,No Data,0,0,No Data,0.00,No Data,No Data,No Data,No Data,No Data,No Data,No Data,No Data,No Data,No Data,No Data,No Data,No Data,No Data,No Data,110.10,35.36,No Data,No Data,No Data,0.88,0.00,No Data,No Data,No Data,No Data,No Data,No Data,No Data,No Data,No Data,No Data,No Data,-5.495922,122.843827,0.014
66,74,Sulawesi Tenggara,7404,Buton,ST,20260610 ST SMAN 1 Pasarwajo Kab. Buton,-,-,ST SMAN 1 Pasarwajo,Reguler,Loka Kendari,10-Jun-2026,XLS,0,0,No Data,No Data,No Data,No Data,No Data,No Data,No Data,0,0,No Data,No Data,No Data,No Data,No Data,No Data,No Data,0,0,No Data,No Data,No Data,No Data,No Data,No Data,No Data,0,0,No Data,No Data,No Data,No Data,No Data,No Data,No Data,11,11,100.00,66.77,77.00,84.50,9.20,No Data,100.00,32.23,30.70,40.20,21.80,79.09,3,2,3,2,0,0,No Data,No Data,No Data,No Data,No Data,0,0,No Data,No Data,No Data,No Data,No Data,11,11,100.00,4.62,6.29,2.37,2.03,125.18,3,0,0,No Data,No Data,No Data,No Data,12,11,91.67,1.37,0.00,4.23,0.00,0.00,0.00,0.00,0.00,0.00,100.00,0.00,0.00,5,5,100.00,0.81,9.94,0.00,5,5,100.00,4.30,31.10,100.00,11,0,0,100.00,0.00,0.00,3.28,100.00,0.00,1.91,100.00,22,0,100.00,1.64,0,0,No Data,0,0,No Data,0,0,0,No Data,No Data,No Data,No Data,No Data,No Data,No Data,No Data,No Data,No Data,No Data,No Data,0,0,0,No Data,No Data,No Data,No Data,No Data,No Data,No Data,No Data,No Data,No Data,No Data,No Data,0,0,0,No Data,No Data,No Data,0,0,No Data,No Data,No Data,0,0,No Data,No Data,No Data,No Data,No Data,No Data,No Data,No Data,-100.38,Baik,-8.26,Baik Sekali,16.37,Baik,No Data,No Data,No Data,No Data,0.00,0.00,No Data,0.00,0.00,No Data,0.00,0.00,No Data,26119,5221,19.99,26119,57,0.22,20094,463,2.30,0,0,No Data,0,0,No Data,0.00,No Data,No Data,No Data,No Data,No Data,No Data,No Data,No Data,No Data,No Data,No Data,No Data,No Data,No Data,No Data,61.21,29.54,No Data,No Data,No Data,0.81,4.30,No Data,No Data,No Data,No Data,No Data,No Data,No Data,No Data,No Data,No Data,No Data,-5.495922,122.843827,0.013
67,74,Sulawesi Tenggara,7472,Kota Bau Bau,DT,20260616 DT Kota Bau Bau,-,-,DT Kota Bau Bau,Reguler,Loka Kendari,16-Jun-2026,IOH,0,0,No Data,No Data,No Data,No Data,No Data,No Data,No Data,0,0,No Data,No Data,No Data,No Data,No Data,No Data,No Data,0,0,No Data,No Data,No Data,No Data,No Data,No Data,No Data,0,0,No Data,No Data,No Data,No Data,No Data,No Data,No Data,37,34,91.89,111.63,104.25,243.00,14.60,No Data,91.89,22.14,18.75,68.70,0.39,31.44,1,3,2,3,0,0,No Data,No Data,No Data,No Data,No Data,0,0,No Data,No Data,No Data,No Data,No Data,37,37,100.00,6.32,11.42,2.34,3.22,139.70,1,0,0,No Data,No Data,No Data,No Data,34,33,97.06,1.61,0.00,4.25,0.00,0.01,0.00,0.00,0.00,3.03,96.97,0.00,0.00,16,15,93.75,0.66,12.81,20.00,7,6,85.71,4.42,28.27,85.71,52,8,1,82.69,15.38,1.92,3.90,100.00,0.00,1.90,100.00,106,26,75.47,1.32,0,0,No Data,0,0,No Data,0,0,0,No Data,No Data,No Data,No Data,No Data,No Data,No Data,No Data,No Data,No Data,No Data,No Data,0,0,0,No Data,No Data,No Data,No Data,No Data,No Data,No Data,No Data,No Data,No Data,No Data,No Data,0,0,0,No Data,No Data,No Data,0,0,No Data,No Data,No Data,0,0,No Data,No Data,No Data,No Data,No Data,No Data,No Data,No Data,-97.60,Baik,-11.51,Baik,6.96,Kurang,-87.24,Baik,3.5,Baik,0.00,0.00,No Data,0.00,0.00,No Data,0.00,0.00,No Data,153854,35768,23.25,153854,16008,10.40,138519,77057,55.63,708,29,4.10,49,21,42.86,0.00,No Data,No Data,No Data,No Data,No Data,No Data,No Data,No Data,No Data,No Data,No Data,No Data,No Data,No Data,No Data,102.58,20.35,No Data,No Data,No Data,0.58,1.56,No Data,No Data,No Data,No Data,No Data,No Data,No Data,No Data,No Data,No Data,No Data,-5.35853,122.69231,135.398
68,74,Sulawesi Tenggara,7472,Kota Bau Bau,DT,20260616 DT Kota Bau Bau,-,-,DT Kota Bau Bau,Reguler,Loka Kendari,16-Jun-2026,TSEL,0,0,No Data,No Data,No Data,No Data,No Data,No Data,No Data,0,0,No Data,No Data,No Data,No Data,No Data,No Data,No Data,0,0,No Data,No Data,No Data,No Data,No Data,No Data,No Data,0,0,No Data,No Data,No Data,No Data,No Data,No Data,No Data,41,36,87.80,108.19,103.00,242.00,13.10,No Data,87.80,27.58,21.35,101.00,0.01,25.81,2,2,3,2,0,0,No Data,No Data,No Data,No Data,No Data,0,0,No Data,No Data,No Data,No Data,No Data,41,39,95.12,5.56,10.49,0.22,4.13,38.41,3,0,0,No Data,No Data,No Data,No Data,41,36,87.80,1.91,5.56,4.25,0.00,0.01,0.00,0.00,0.00,2.78,97.22,0.00,0.00,15,15,100.00,0.62,17.00,33.33,11,10,90.91,3.13,44.51,100.00,36,1,2,91.67,2.78,5.56,3.79,96.97,3.03,2.19,100.00,82,15,81.71,1.52,0,0,No Data,0,0,No Data,0,0,0,No Data,No Data,No Data,No Data,No Data,No Data,No Data,No Data,No Data,No Data,No Data,No Data,0,0,0,No Data,No Data,No Data,No Data,No Data,No Data,No Data,No Data,No Data,No Data,No Data,No Data,0,0,0,No Data,No Data,No Data,0,0,No Data,No Data,No Data,0,0,No Data,No Data,No Data,No Data,No Data,No Data,No Data,No Data,-94.44,Baik,-11.52,Baik,6.55,Kurang,-87.98,Baik,4.5,Cukup,0.00,0.00,No Data,0.00,0.00,No Data,0.00,0.00,No Data,198921,35384,17.79,198921,21131,10.62,98968,58400,59.01,276,48,17.39,42,23,54.76,0.00,No Data,No Data,No Data,No Data,No Data,No Data,No Data,No Data,No Data,No Data,No Data,No Data,No Data,No Data,No Data,95.00,24.22,No Data,No Data,No Data,0.54,1.84,No Data,No Data,No Data,No Data,No Data,No Data,No Data,No Data,No Data,No Data,No Data,-5.35853,122.69231,135.875
69,74,Sulawesi Tenggara,7472,Kota Bau Bau,DT,20260616 DT Kota Bau Bau,-,-,DT Kota Bau Bau,Reguler,Loka Kendari,16-Jun-2026,XLS,0,0,No Data,No Data,No Data,No Data,No Data,No Data,No Data,0,0,No Data,No Data,No Data,No Data,No Data,No Data,No Data,0,0,No Data,No Data,No Data,No Data,No Data,No Data,No Data,0,0,No Data,No Data,No Data,No Data,No Data,No Data,No Data,9,8,88.89,93.84,107.00,122.00,19.50,No Data,88.89,29.97,32.25,48.80,5.02,41.88,3,1,1,1,0,0,No Data,No Data,No Data,No Data,No Data,0,0,No Data,No Data,No Data,No Data,No Data,8,8,100.00,6.31,7.82,2.96,2.20,98.25,2,0,0,No Data,No Data,No Data,No Data,10,9,90.00,1.64,0.00,4.24,0.02,0.02,0.00,0.00,0.00,0.00,88.89,11.11,0.00,3,3,100.00,0.82,9.81,0.00,3,3,100.00,4.65,28.14,100.00,60,15,0,75.00,25.00,0.00,3.74,97.78,2.22,1.91,100.00,126,19,84.92,1.41,0,0,No Data,0,0,No Data,0,0,0,No Data,No Data,No Data,No Data,No Data,No Data,No Data,No Data,No Data,No Data,No Data,No Data,0,0,0,No Data,No Data,No Data,No Data,No Data,No Data,No Data,No Data,No Data,No Data,No Data,No Data,0,0,0,No Data,No Data,No Data,0,0,No Data,No Data,No Data,0,0,No Data,No Data,No Data,No Data,No Data,No Data,No Data,No Data,-99.66,Baik,-10.40,Baik,9.37,Cukup,-87.97,Baik,1.2,Baik Sekali,0.00,0.00,No Data,0.00,0.00,No Data,0.00,0.00,No Data,111810,32376,28.96,111810,6810,6.09,76500,33967,44.40,804,63,7.84,6,1,16.67,0.00,No Data,No Data,No Data,No Data,No Data,No Data,No Data,No Data,No Data,No Data,No Data,No Data,No Data,No Data,No Data,83.41,26.64,No Data,No Data,No Data,0.82,4.65,No Data,No Data,No Data,No Data,No Data,No Data,No Data,No Data,No Data,No Data,No Data,-5.35853,122.69231,124.269
70,74,Sulawesi Tenggara,7472,Kota Bau Bau,ST,20260616 ST Universitas Dayanu Ikhsanuddin Kota Bau Bau,-,-,ST Universitas Dayanu Ikhsanuddin,Reguler,Loka Kendari,16-Jun-2026,IOH,0,0,No Data,No Data,No Data,No Data,No Data,No Data,No Data,0,0,No Data,No Data,No Data,No Data,No Data,No Data,No Data,0,0,No Data,No Data,No Data,No Data,No Data,No Data,No Data,0,0,No Data,No Data,No Data,No Data,No Data,No Data,No Data,6,4,66.67,36.65,34.25,69.10,8.99,No Data,66.67,8.14,7.63,14.30,3.01,32.75,3,3,3,3,0,0,No Data,No Data,No Data,No Data,No Data,0,0,No Data,No Data,No Data,No Data,No Data,6,5,83.33,5.52,9.11,2.78,3.06,146.60,3,0,0,No Data,No Data,No Data,No Data,5,4,80.00,4.69,0.00,3.63,0.12,0.13,0.00,0.00,0.00,25.00,75.00,0.00,0.00,2,2,100.00,0.44,18.37,100.00,0,0,No Data,No Data,No Data,No Data,4,0,1,75.00,0.00,25.00,3.52,100.00,0.00,3.84,100.00,12,8,33.33,1.73,0,0,No Data,0,0,No Data,0,0,0,No Data,No Data,No Data,No Data,No Data,No Data,No Data,No Data,No Data,No Data,No Data,No Data,0,0,0,No Data,No Data,No Data,No Data,No Data,No Data,No Data,No Data,No Data,No Data,No Data,No Data,0,0,0,No Data,No Data,No Data,0,0,No Data,No Data,No Data,0,0,No Data,No Data,No Data,No Data,No Data,No Data,No Data,No Data,-101.84,Baik,-13.78,Cukup,0.28,Kurang,No Data,No Data,No Data,No Data,0.00,0.00,No Data,0.00,0.00,No Data,0.00,0.00,No Data,46287,12498,27.00,46287,6980,15.08,30226,30171,99.82,0,0,No Data,0,0,No Data,0.00,No Data,No Data,No Data,No Data,No Data,No Data,No Data,No Data,No Data,No Data,No Data,No Data,No Data,No Data,No Data,24.43,5.43,No Data,No Data,No Data,0.44,0.00,No Data,No Data,No Data,No Data,No Data,No Data,No Data,No Data,No Data,No Data,No Data,-5.455175,122.606799,0.014
71,74,Sulawesi Tenggara,7472,Kota Bau Bau,ST,20260616 ST Universitas Dayanu Ikhsanuddin Kota Bau Bau,-,-,ST Universitas Dayanu Ikhsanuddin,Reguler,Loka Kendari,16-Jun-2026,TSEL,0,0,No Data,No Data,No Data,No Data,No Data,No Data,No Data,0,0,No Data,No Data,No Data,No Data,No Data,No Data,No Data,0,0,No Data,No Data,No Data,No Data,No Data,No Data,No Data,0,0,No Data,No Data,No Data,No Data,No Data,No Data,No Data,11,1,9.09,125.00,125.00,125.00,125.00,No Data,9.09,30.60,30.60,30.60,30.60,21.00,1,2,1,2,0,0,No Data,No Data,No Data,No Data,No Data,0,0,No Data,No Data,No Data,No Data,No Data,11,11,100.00,6.61,8.32,4.89,1.84,30.73,2,0,0,No Data,No Data,No Data,No Data,11,11,100.00,0.83,0.00,4.27,0.00,0.00,0.00,0.00,0.00,0.00,100.00,0.00,0.00,5,5,100.00,0.78,10.42,0.00,5,5,100.00,4.45,29.05,100.00,11,0,0,100.00,0.00,0.00,4.00,100.00,0.00,1.67,100.00,22,0,100.00,1.09,0,0,No Data,0,0,No Data,0,0,0,No Data,No Data,No Data,No Data,No Data,No Data,No Data,No Data,No Data,No Data,No Data,No Data,0,0,0,No Data,No Data,No Data,No Data,No Data,No Data,No Data,No Data,No Data,No Data,No Data,No Data,0,0,0,No Data,No Data,No Data,0,0,No Data,No Data,No Data,0,0,No Data,No Data,No Data,No Data,No Data,No Data,No Data,No Data,-80.01,Baik Sekali,-13.72,Cukup,3.02,Kurang,No Data,No Data,No Data,No Data,0.00,0.00,No Data,0.00,0.00,No Data,0.00,0.00,No Data,47135,0,0.00,47135,6559,13.92,24615,20726,84.20,0,0,No Data,0,0,No Data,0.00,No Data,No Data,No Data,No Data,No Data,No Data,No Data,No Data,No Data,No Data,No Data,No Data,No Data,No Data,No Data,11.36,2.78,No Data,No Data,No Data,0.78,4.45,No Data,No Data,No Data,No Data,No Data,No Data,No Data,No Data,No Data,No Data,No Data,-5.455175,122.606799,0.011
72,74,Sulawesi Tenggara,7472,Kota Bau Bau,ST,20260616 ST Universitas Dayanu Ikhsanuddin Kota Bau Bau,-,-,ST Universitas Dayanu Ikhsanuddin,Reguler,Loka Kendari,16-Jun-2026,XLS,0,0,No Data,No Data,No Data,No Data,No Data,No Data,No Data,0,0,No Data,No Data,No Data,No Data,No Data,No Data,No Data,0,0,No Data,No Data,No Data,No Data,No Data,No Data,No Data,0,0,No Data,No Data,No Data,No Data,No Data,No Data,No Data,12,12,100.00,122.00,121.00,130.00,117.00,No Data,100.00,44.57,45.15,51.80,34.60,55.17,2,1,2,1,0,0,No Data,No Data,No Data,No Data,No Data,0,0,No Data,No Data,No Data,No Data,No Data,12,12,100.00,7.06,10.24,5.44,1.81,92.50,1,0,0,No Data,No Data,No Data,No Data,12,11,91.67,1.06,0.00,4.27,0.00,0.00,0.00,0.00,0.00,0.00,100.00,0.00,0.00,5,5,100.00,0.84,9.56,0.00,5,5,100.00,4.69,28.24,100.00,12,0,0,100.00,0.00,0.00,3.87,100.00,0.00,1.59,100.00,24,0,100.00,1.26,0,0,No Data,0,0,No Data,0,0,0,No Data,No Data,No Data,No Data,No Data,No Data,No Data,No Data,No Data,No Data,No Data,No Data,0,0,0,No Data,No Data,No Data,No Data,No Data,No Data,No Data,No Data,No Data,No Data,No Data,No Data,0,0,0,No Data,No Data,No Data,0,0,No Data,No Data,No Data,0,0,No Data,No Data,No Data,No Data,No Data,No Data,No Data,No Data,-94.41,Baik,-10.86,Baik,10.55,Cukup,No Data,No Data,No Data,No Data,0.00,0.00,No Data,0.00,0.00,No Data,0.00,0.00,No Data,26403,0,0.00,26403,100,0.38,20530,2416,11.77,0,0,No Data,0,0,No Data,0.00,No Data,No Data,No Data,No Data,No Data,No Data,No Data,No Data,No Data,No Data,No Data,No Data,No Data,No Data,No Data,122.00,44.57,No Data,No Data,No Data,0.84,4.69,No Data,No Data,No Data,No Data,No Data,No Data,No Data,No Data,No Data,No Data,No Data,-5.455175,122.606799,0.003
73,74,Sulawesi Tenggara,7472,Kota Bau Bau,ST,20260617 ST RSUD Kota Bau Bau,-,-,ST RSUD,Reguler,Loka Kendari,17-Jun-2026,IOH,0,0,No Data,No Data,No Data,No Data,No Data,No Data,No Data,0,0,No Data,No Data,No Data,No Data,No Data,No Data,No Data,0,0,No Data,No Data,No Data,No Data,No Data,No Data,No Data,0,0,No Data,No Data,No Data,No Data,No Data,No Data,No Data,6,6,100.00,33.88,35.90,40.20,17.90,No Data,100.00,4.01,3.95,6.14,1.80,48.83,2,3,2,3,0,0,No Data,No Data,No Data,No Data,No Data,0,0,No Data,No Data,No Data,No Data,No Data,6,6,100.00,6.51,7.54,5.51,1.90,71.67,2,0,0,No Data,No Data,No Data,No Data,6,6,100.00,2.77,0.00,4.28,0.00,0.01,0.00,0.00,0.00,0.00,83.33,16.67,0.00,4,4,100.00,0.43,24.20,75.00,1,0,0.00,No Data,No Data,No Data,6,0,0,100.00,0.00,0.00,3.97,100.00,0.00,1.60,100.00,16,0,100.00,2.07,0,0,No Data,0,0,No Data,0,0,0,No Data,No Data,No Data,No Data,No Data,No Data,No Data,No Data,No Data,No Data,No Data,No Data,0,0,0,No Data,No Data,No Data,No Data,No Data,No Data,No Data,No Data,No Data,No Data,No Data,No Data,0,0,0,No Data,No Data,No Data,0,0,No Data,No Data,No Data,0,0,No Data,No Data,No Data,No Data,No Data,No Data,No Data,No Data,-107.86,Kurang,-11.66,Baik,4.43,Kurang,No Data,No Data,No Data,No Data,0.00,0.00,No Data,0.00,0.00,No Data,0.00,0.00,No Data,18669,13212,70.77,18669,242,1.30,16687,15628,93.65,0,0,No Data,0,0,No Data,0.00,No Data,No Data,No Data,No Data,No Data,No Data,No Data,No Data,No Data,No Data,No Data,No Data,No Data,No Data,No Data,33.88,4.01,No Data,No Data,No Data,0.43,0.00,No Data,No Data,No Data,No Data,No Data,No Data,No Data,No Data,No Data,No Data,No Data,-5.483299,122.59149,0.002
74,74,Sulawesi Tenggara,7472,Kota Bau Bau,ST,20260617 ST RSUD Kota Bau Bau,-,-,ST RSUD,Reguler,Loka Kendari,17-Jun-2026,TSEL,0,0,No Data,No Data,No Data,No Data,No Data,No Data,No Data,0,0,No Data,No Data,No Data,No Data,No Data,No Data,No Data,0,0,No Data,No Data,No Data,No Data,No Data,No Data,No Data,0,0,No Data,No Data,No Data,No Data,No Data,No Data,No Data,12,12,100.00,168.33,173.00,180.00,142.00,No Data,100.00,39.53,39.50,48.40,27.30,24.67,1,1,1,1,0,0,No Data,No Data,No Data,No Data,No Data,0,0,No Data,No Data,No Data,No Data,No Data,12,12,100.00,7.59,10.38,5.15,1.59,25.92,1,0,0,No Data,No Data,No Data,No Data,12,12,100.00,0.78,0.00,4.27,0.00,0.00,0.00,0.00,0.00,0.00,100.00,0.00,0.00,5,5,100.00,0.73,11.80,20.00,5,5,100.00,4.09,31.96,100.00,11,0,0,100.00,0.00,0.00,3.96,100.00,0.00,1.32,100.00,24,0,100.00,1.09,0,0,No Data,0,0,No Data,0,0,0,No Data,No Data,No Data,No Data,No Data,No Data,No Data,No Data,No Data,No Data,No Data,No Data,0,0,0,No Data,No Data,No Data,No Data,No Data,No Data,No Data,No Data,No Data,No Data,No Data,No Data,0,0,0,No Data,No Data,No Data,0,0,No Data,No Data,No Data,0,0,No Data,No Data,No Data,No Data,No Data,No Data,No Data,No Data,-89.48,Baik Sekali,-13.03,Cukup,13.06,Cukup,No Data,No Data,No Data,No Data,0.00,0.00,No Data,0.00,0.00,No Data,0.00,0.00,No Data,26429,0,0.00,26429,51,0.19,20331,437,2.15,0,0,No Data,0,0,No Data,0.00,No Data,No Data,No Data,No Data,No Data,No Data,No Data,No Data,No Data,No Data,No Data,No Data,No Data,No Data,No Data,168.33,39.53,No Data,No Data,No Data,0.73,4.09,No Data,No Data,No Data,No Data,No Data,No Data,No Data,No Data,No Data,No Data,No Data,-5.483299,122.59149,0.018
75,74,Sulawesi Tenggara,7472,Kota Bau Bau,ST,20260617 ST RSUD Kota Bau Bau,-,-,ST RSUD,Reguler,Loka Kendari,17-Jun-2026,XLS,0,0,No Data,No Data,No Data,No Data,No Data,No Data,No Data,0,0,No Data,No Data,No Data,No Data,No Data,No Data,No Data,0,0,No Data,No Data,No Data,No Data,No Data,No Data,No Data,0,0,No Data,No Data,No Data,No Data,No Data,No Data,No Data,11,11,100.00,21.14,21.80,27.40,11.90,No Data,100.00,7.30,7.08,9.34,5.06,39.45,3,2,3,2,0,0,No Data,No Data,No Data,No Data,No Data,0,0,No Data,No Data,No Data,No Data,No Data,11,11,100.00,5.01,6.25,3.40,1.95,91.64,3,0,0,No Data,No Data,No Data,No Data,11,11,100.00,1.95,0.00,4.29,0.00,0.00,0.00,0.00,0.00,0.00,100.00,0.00,0.00,5,5,100.00,0.60,13.42,0.00,4,4,100.00,2.31,57.89,100.00,11,0,0,100.00,0.00,0.00,3.91,100.00,0.00,1.59,100.00,22,0,100.00,1.65,0,0,No Data,0,0,No Data,0,0,0,No Data,No Data,No Data,No Data,No Data,No Data,No Data,No Data,No Data,No Data,No Data,No Data,0,0,0,No Data,No Data,No Data,No Data,No Data,No Data,No Data,No Data,No Data,No Data,No Data,No Data,0,0,0,No Data,No Data,No Data,0,0,No Data,No Data,No Data,0,0,No Data,No Data,No Data,No Data,No Data,No Data,No Data,No Data,-104.44,Cukup,-11.68,Baik,6.19,Kurang,No Data,No Data,No Data,No Data,0.00,0.00,No Data,0.00,0.00,No Data,0.00,0.00,No Data,13224,4734,35.80,13224,2,0.02,13224,10035,75.88,0,0,No Data,0,0,No Data,0.00,No Data,No Data,No Data,No Data,No Data,No Data,No Data,No Data,No Data,No Data,No Data,No Data,No Data,No Data,No Data,21.14,7.30,No Data,No Data,No Data,0.60,1.85,No Data,No Data,No Data,No Data,No Data,No Data,No Data,No Data,No Data,No Data,No Data,-5.483299,122.59149,0.006
76,74,Sulawesi Tenggara,7472,Kota Bau Bau,ST,20260617 ST SMA Negeri 1 Baubau Kota Bau Bau,-,-,ST SMA Negeri 1 Baubau,Reguler,Loka Kendari,17-Jun-2026,IOH,0,0,No Data,No Data,No Data,No Data,No Data,No Data,No Data,0,0,No Data,No Data,No Data,No Data,No Data,No Data,No Data,0,0,No Data,No Data,No Data,No Data,No Data,No Data,No Data,0,0,No Data,No Data,No Data,No Data,No Data,No Data,No Data,10,10,100.00,61.96,67.95,84.40,24.40,No Data,100.00,9.53,10.11,18.50,2.69,34.10,3,3,3,3,0,0,No Data,No Data,No Data,No Data,No Data,0,0,No Data,No Data,No Data,No Data,No Data,10,10,100.00,7.09,8.59,5.28,1.82,95.00,1,0,0,No Data,No Data,No Data,No Data,7,7,100.00,1.34,0.00,4.25,0.00,0.00,0.00,0.00,0.00,0.00,100.00,0.00,0.00,5,5,100.00,0.66,15.28,20.00,2,2,100.00,2.27,56.97,100.00,7,0,0,100.00,0.00,0.00,4.07,100.00,0.00,1.43,100.00,20,0,100.00,1.48,0,0,No Data,0,0,No Data,0,0,0,No Data,No Data,No Data,No Data,No Data,No Data,No Data,No Data,No Data,No Data,No Data,No Data,0,0,0,No Data,No Data,No Data,No Data,No Data,No Data,No Data,No Data,No Data,No Data,No Data,No Data,0,0,0,No Data,No Data,No Data,0,0,No Data,No Data,No Data,0,0,No Data,No Data,No Data,No Data,No Data,No Data,No Data,No Data,-100.55,Baik,-16.75,Kurang,-3.34,Kurang,No Data,No Data,No Data,No Data,0.00,0.00,No Data,0.00,0.00,No Data,0.00,0.00,No Data,26748,6711,25.09,26748,17241,64.46,24440,24438,99.99,0,0,No Data,0,0,No Data,0.00,No Data,No Data,No Data,No Data,No Data,No Data,No Data,No Data,No Data,No Data,No Data,No Data,No Data,No Data,No Data,61.96,9.53,No Data,No Data,No Data,0.66,0.91,No Data,No Data,No Data,No Data,No Data,No Data,No Data,No Data,No Data,No Data,No Data,-5.45873,122.608791,0.067
77,74,Sulawesi Tenggara,7472,Kota Bau Bau,ST,20260617 ST SMA Negeri 1 Baubau Kota Bau Bau,-,-,ST SMA Negeri 1 Baubau,Reguler,Loka Kendari,17-Jun-2026,TSEL,0,0,No Data,No Data,No Data,No Data,No Data,No Data,No Data,0,0,No Data,No Data,No Data,No Data,No Data,No Data,No Data,0,0,No Data,No Data,No Data,No Data,No Data,No Data,No Data,0,0,No Data,No Data,No Data,No Data,No Data,No Data,No Data,12,12,100.00,180.33,188.50,222.00,42.90,No Data,100.00,59.63,57.50,93.20,29.70,25.00,1,1,1,1,0,0,No Data,No Data,No Data,No Data,No Data,0,0,No Data,No Data,No Data,No Data,No Data,12,12,100.00,6.33,8.09,4.71,1.87,27.33,2,0,0,No Data,No Data,No Data,No Data,12,12,100.00,0.83,0.00,4.32,0.00,0.00,0.00,0.00,0.00,0.00,100.00,0.00,0.00,5,5,100.00,0.73,11.16,0.00,5,5,100.00,4.65,27.75,100.00,11,0,0,100.00,0.00,0.00,4.09,100.00,0.00,1.47,100.00,24,0,100.00,1.13,0,0,No Data,0,0,No Data,0,0,0,No Data,No Data,No Data,No Data,No Data,No Data,No Data,No Data,No Data,No Data,No Data,No Data,0,0,0,No Data,No Data,No Data,No Data,No Data,No Data,No Data,No Data,No Data,No Data,No Data,No Data,0,0,0,No Data,No Data,No Data,0,0,No Data,No Data,No Data,0,0,No Data,No Data,No Data,No Data,No Data,No Data,No Data,No Data,-82.43,Baik Sekali,-10.50,Baik,7.37,Kurang,No Data,No Data,No Data,No Data,0.00,0.00,No Data,0.00,0.00,No Data,0.00,0.00,No Data,41325,0,0.00,41325,76,0.18,23832,16255,68.21,0,0,No Data,0,0,No Data,0.00,No Data,No Data,No Data,No Data,No Data,No Data,No Data,No Data,No Data,No Data,No Data,No Data,No Data,No Data,No Data,180.33,59.63,No Data,No Data,No Data,0.73,4.65,No Data,No Data,No Data,No Data,No Data,No Data,No Data,No Data,No Data,No Data,No Data,-5.45873,122.608791,0.106
78,74,Sulawesi Tenggara,7472,Kota Bau Bau,ST,20260617 ST SMA Negeri 1 Baubau Kota Bau Bau,-,-,ST SMA Negeri 1 Baubau,Reguler,Loka Kendari,17-Jun-2026,XLS,0,0,No Data,No Data,No Data,No Data,No Data,No Data,No Data,0,0,No Data,No Data,No Data,No Data,No Data,No Data,No Data,0,0,No Data,No Data,No Data,No Data,No Data,No Data,No Data,0,0,No Data,No Data,No Data,No Data,No Data,No Data,No Data,11,10,90.91,110.30,120.50,124.00,56.00,No Data,90.91,21.99,18.25,43.10,5.74,41.30,2,2,2,2,0,0,No Data,No Data,No Data,No Data,No Data,0,0,No Data,No Data,No Data,No Data,No Data,11,11,100.00,6.17,8.59,3.46,2.08,107.64,3,0,0,No Data,No Data,No Data,No Data,11,11,100.00,1.10,0.00,4.30,0.00,0.00,0.00,0.00,0.00,0.00,100.00,0.00,0.00,5,5,100.00,0.74,10.91,0.00,5,5,100.00,4.27,32.67,100.00,11,0,0,100.00,0.00,0.00,3.82,100.00,0.00,1.61,100.00,22,0,100.00,1.43,0,0,No Data,0,0,No Data,0,0,0,No Data,No Data,No Data,No Data,No Data,No Data,No Data,No Data,No Data,No Data,No Data,No Data,0,0,0,No Data,No Data,No Data,No Data,No Data,No Data,No Data,No Data,No Data,No Data,No Data,No Data,0,0,0,No Data,No Data,No Data,0,0,No Data,No Data,No Data,0,0,No Data,No Data,No Data,No Data,No Data,No Data,No Data,No Data,-96.16,Baik,-12.68,Cukup,3.63,Kurang,No Data,No Data,No Data,No Data,0.00,0.00,No Data,0.00,0.00,No Data,0.00,0.00,No Data,27001,221,0.82,27001,1183,4.38,18979,16833,88.69,0,0,No Data,0,0,No Data,0.00,No Data,No Data,No Data,No Data,No Data,No Data,No Data,No Data,No Data,No Data,No Data,No Data,No Data,No Data,No Data,100.27,19.99,No Data,No Data,No Data,0.74,4.27,No Data,No Data,No Data,No Data,No Data,No Data,No Data,No Data,No Data,No Data,No Data,-5.45873,122.608791,0.088
79,74,Sulawesi Tenggara,7403,Muna,DT,20260623 DT Kab. Muna,-,-,DT Kab. Muna,Reguler,Loka Kendari,23-Jun-2026,IOH,0,0,No Data,No Data,No Data,No Data,No Data,No Data,No Data,0,0,No Data,No Data,No Data,No Data,No Data,No Data,No Data,0,0,No Data,No Data,No Data,No Data,No Data,No Data,No Data,0,0,No Data,No Data,No Data,No Data,No Data,No Data,No Data,55,53,96.36,106.40,99.20,265.00,5.31,No Data,96.36,34.02,28.90,86.80,0.16,30.57,2,2,3,2,0,0,No Data,No Data,No Data,No Data,No Data,0,0,No Data,No Data,No Data,No Data,No Data,54,52,96.30,7.02,10.64,2.08,2.63,224.62,2,0,0,No Data,No Data,No Data,No Data,50,48,96.00,1.35,0.00,4.22,0.01,0.01,0.00,2.08,0.00,0.00,97.92,0.00,0.00,25,1,4.00,0.82,9.72,0.00,2,1,50.00,3.91,16.47,50.00,56,2,1,94.64,3.57,1.79,3.98,100.00,0.00,1.82,100.00,110,11,90.00,1.41,0,0,No Data,0,0,No Data,0,0,0,No Data,No Data,No Data,No Data,No Data,No Data,No Data,No Data,No Data,No Data,No Data,No Data,0,0,0,No Data,No Data,No Data,No Data,No Data,No Data,No Data,No Data,No Data,No Data,No Data,No Data,0,0,0,No Data,No Data,No Data,0,0,No Data,No Data,No Data,0,0,No Data,No Data,No Data,No Data,No Data,No Data,No Data,No Data,-95.67,Baik,-8.53,Baik Sekali,13.82,Cukup,-84.32,Baik Sekali,5.0,Cukup,0.00,0.00,No Data,0.00,0.00,No Data,0.00,0.00,No Data,128654,27110,21.07,128654,4144,3.22,122511,35274,28.79,243,0,0.00,6,4,66.67,0.00,No Data,No Data,No Data,No Data,No Data,No Data,No Data,No Data,No Data,No Data,No Data,No Data,No Data,No Data,No Data,100.70,32.20,No Data,No Data,No Data,0.03,0.14,No Data,No Data,No Data,No Data,No Data,No Data,No Data,No Data,No Data,No Data,No Data,-4.626292,122.708056,169.066
80,74,Sulawesi Tenggara,7403,Muna,DT,20260623 DT Kab. Muna,-,-,DT Kab. Muna,Reguler,Loka Kendari,23-Jun-2026,TSEL,0,0,No Data,No Data,No Data,No Data,No Data,No Data,No Data,0,0,No Data,No Data,No Data,No Data,No Data,No Data,No Data,0,0,No Data,No Data,No Data,No Data,No Data,No Data,No Data,0,0,No Data,No Data,No Data,No Data,No Data,No Data,No Data,58,56,96.55,149.94,149.00,359.00,22.40,No Data,96.55,31.50,27.80,86.60,0.03,44.09,1,3,1,3,0,0,No Data,No Data,No Data,No Data,No Data,0,0,No Data,No Data,No Data,No Data,No Data,58,57,98.28,7.40,12.36,1.09,2.22,40.28,1,0,0,No Data,No Data,No Data,No Data,58,54,93.10,1.45,0.00,4.25,0.00,0.01,0.00,0.00,0.00,0.00,100.00,0.00,0.00,27,1,3.70,0.34,23.19,100.00,1,0,0.00,No Data,0.00,0.00,56,2,0,96.43,3.57,0.00,3.95,100.00,0.00,1.83,100.00,118,9,92.37,1.30,0,0,No Data,0,0,No Data,0,0,0,No Data,No Data,No Data,No Data,No Data,No Data,No Data,No Data,No Data,No Data,No Data,No Data,0,0,0,No Data,No Data,No Data,No Data,No Data,No Data,No Data,No Data,No Data,No Data,No Data,No Data,0,0,0,No Data,No Data,No Data,0,0,No Data,No Data,No Data,0,0,No Data,No Data,No Data,No Data,No Data,No Data,No Data,No Data,-96.30,Baik,-10.36,Baik,9.55,Cukup,-95.12,Cukup,3.0,Baik,0.00,0.00,No Data,0.00,0.00,No Data,0.00,0.00,No Data,211620,43127,20.38,211620,15961,7.54,125935,57025,45.28,531,101,19.02,43,14,32.56,0.00,No Data,No Data,No Data,No Data,No Data,No Data,No Data,No Data,No Data,No Data,No Data,No Data,No Data,No Data,No Data,147.36,30.42,No Data,No Data,No Data,0.01,0.00,No Data,No Data,No Data,No Data,No Data,No Data,No Data,No Data,No Data,No Data,No Data,-4.626292,122.708056,168.996
81,74,Sulawesi Tenggara,7403,Muna,DT,20260623 DT Kab. Muna,-,-,DT Kab. Muna,Reguler,Loka Kendari,23-Jun-2026,XLS,0,0,No Data,No Data,No Data,No Data,No Data,No Data,No Data,0,0,No Data,No Data,No Data,No Data,No Data,No Data,No Data,0,0,No Data,No Data,No Data,No Data,No Data,No Data,No Data,0,0,No Data,No Data,No Data,No Data,No Data,No Data,No Data,58,51,87.93,100.56,113.00,126.00,22.00,No Data,87.93,54.85,61.70,135.00,0.65,53.33,3,1,2,1,0,0,No Data,No Data,No Data,No Data,No Data,0,0,No Data,No Data,No Data,No Data,No Data,58,56,96.55,6.02,8.24,1.36,2.13,103.34,3,0,0,No Data,No Data,No Data,No Data,58,57,98.28,1.09,0.00,4.28,0.00,0.00,0.00,0.00,0.00,0.00,100.00,0.00,0.00,26,25,96.15,0.67,14.20,12.00,27,27,100.00,3.78,37.96,100.00,59,2,1,94.92,3.39,1.69,3.78,98.21,1.79,1.94,98.21,118,7,94.07,1.55,0,0,No Data,0,0,No Data,0,0,0,No Data,No Data,No Data,No Data,No Data,No Data,No Data,No Data,No Data,No Data,No Data,No Data,0,0,0,No Data,No Data,No Data,No Data,No Data,No Data,No Data,No Data,No Data,No Data,No Data,No Data,0,0,0,No Data,No Data,No Data,0,0,No Data,No Data,No Data,0,0,No Data,No Data,No Data,No Data,No Data,No Data,No Data,No Data,-95.02,Baik,-10.78,Baik,10.14,Cukup,-83.19,Baik Sekali,3.4,Baik,0.00,0.00,No Data,0.00,0.00,No Data,0.00,0.00,No Data,168321,35688,21.20,168321,10072,5.98,102833,42118,40.96,452,23,5.09,24,10,41.67,0.00,No Data,No Data,No Data,No Data,No Data,No Data,No Data,No Data,No Data,No Data,No Data,No Data,No Data,No Data,No Data,86.93,47.41,No Data,No Data,No Data,0.58,3.64,No Data,No Data,No Data,No Data,No Data,No Data,No Data,No Data,No Data,No Data,No Data,-4.626292,122.708056,168.102
82,74,Sulawesi Tenggara,7403,Muna,ST,20260623 ST Polsek Tongkune Kab. Muna,-,-,ST Polsek Tongkune,Reguler,Loka Kendari,23-Jun-2026,IOH,0,0,No Data,No Data,No Data,No Data,No Data,No Data,No Data,0,0,No Data,No Data,No Data,No Data,No Data,No Data,No Data,0,0,No Data,No Data,No Data,No Data,No Data,No Data,No Data,0,0,No Data,No Data,No Data,No Data,No Data,No Data,No Data,10,10,100.00,80.35,86.60,112.00,7.23,No Data,100.00,29.24,30.70,37.80,12.20,34.20,3,3,3,3,0,0,No Data,No Data,No Data,No Data,No Data,0,0,No Data,No Data,No Data,No Data,No Data,10,9,90.00,6.54,7.77,5.33,1.90,76.78,2,0,0,No Data,No Data,No Data,No Data,9,9,100.00,1.18,0.00,4.26,0.00,0.00,0.00,0.00,0.00,0.00,100.00,0.00,0.00,4,0,0.00,No Data,No Data,No Data,1,0,0.00,No Data,0.00,0.00,10,0,0,100.00,0.00,0.00,3.82,100.00,0.00,2.38,100.00,20,1,95.00,1.20,0,0,No Data,0,0,No Data,0,0,0,No Data,No Data,No Data,No Data,No Data,No Data,No Data,No Data,No Data,No Data,No Data,No Data,0,0,0,No Data,No Data,No Data,No Data,No Data,No Data,No Data,No Data,No Data,No Data,No Data,No Data,0,0,0,No Data,No Data,No Data,0,0,No Data,No Data,No Data,0,0,No Data,No Data,No Data,No Data,No Data,No Data,No Data,No Data,-100.70,Baik,-10.41,Baik,10.21,Cukup,No Data,No Data,No Data,No Data,0.00,0.00,No Data,0.00,0.00,No Data,0.00,0.00,No Data,32869,3342,10.17,32869,230,0.70,31194,12550,40.23,0,0,No Data,0,0,No Data,0.00,No Data,No Data,No Data,No Data,No Data,No Data,No Data,No Data,No Data,No Data,No Data,No Data,No Data,No Data,No Data,80.35,29.24,No Data,No Data,No Data,0.00,0.00,No Data,No Data,No Data,No Data,No Data,No Data,No Data,No Data,No Data,No Data,No Data,-5.138333,122.522738,0.004
83,74,Sulawesi Tenggara,7403,Muna,ST,20260623 ST Polsek Tongkune Kab. Muna,-,-,ST Polsek Tongkune,Reguler,Loka Kendari,23-Jun-2026,TSEL,0,0,No Data,No Data,No Data,No Data,No Data,No Data,No Data,0,0,No Data,No Data,No Data,No Data,No Data,No Data,No Data,0,0,No Data,No Data,No Data,No Data,No Data,No Data,No Data,0,0,No Data,No Data,No Data,No Data,No Data,No Data,No Data,11,11,100.00,220.09,227.00,252.00,120.00,No Data,100.00,55.37,54.30,69.40,35.90,27.18,1,2,1,2,0,0,No Data,No Data,No Data,No Data,No Data,0,0,No Data,No Data,No Data,No Data,No Data,11,11,100.00,6.71,8.84,4.67,1.69,28.00,1,0,0,No Data,No Data,No Data,No Data,11,11,100.00,1.24,0.00,4.23,0.00,0.02,0.00,0.00,0.00,0.00,100.00,0.00,0.00,5,0,0.00,No Data,No Data,No Data,0,0,No Data,No Data,No Data,No Data,10,0,0,100.00,0.00,0.00,4.06,100.00,0.00,1.78,100.00,22,2,90.91,1.07,0,0,No Data,0,0,No Data,0,0,0,No Data,No Data,No Data,No Data,No Data,No Data,No Data,No Data,No Data,No Data,No Data,No Data,0,0,0,No Data,No Data,No Data,No Data,No Data,No Data,No Data,No Data,No Data,No Data,No Data,No Data,0,0,0,No Data,No Data,No Data,0,0,No Data,No Data,No Data,0,0,No Data,No Data,No Data,No Data,No Data,No Data,No Data,No Data,-91.37,Baik Sekali,-9.55,Baik Sekali,17.34,Baik,No Data,No Data,No Data,No Data,0.00,0.00,No Data,0.00,0.00,No Data,0.00,0.00,No Data,35867,0,0.00,35867,4,0.01,24150,0,0.00,0,0,No Data,0,0,No Data,0.00,No Data,No Data,No Data,No Data,No Data,No Data,No Data,No Data,No Data,No Data,No Data,No Data,No Data,No Data,No Data,220.09,55.37,No Data,No Data,No Data,0.00,0.00,No Data,No Data,No Data,No Data,No Data,No Data,No Data,No Data,No Data,No Data,No Data,-5.138333,122.522738,0.002
84,74,Sulawesi Tenggara,7403,Muna,ST,20260623 ST Polsek Tongkune Kab. Muna,-,-,ST Polsek Tongkune,Reguler,Loka Kendari,23-Jun-2026,XLS,0,0,No Data,No Data,No Data,No Data,No Data,No Data,No Data,0,0,No Data,No Data,No Data,No Data,No Data,No Data,No Data,0,0,No Data,No Data,No Data,No Data,No Data,No Data,No Data,0,0,No Data,No Data,No Data,No Data,No Data,No Data,No Data,11,10,90.91,119.00,118.00,131.00,113.00,No Data,90.91,88.78,92.10,100.00,63.90,41.80,2,1,2,1,0,0,No Data,No Data,No Data,No Data,No Data,0,0,No Data,No Data,No Data,No Data,No Data,11,11,100.00,6.10,6.90,4.52,1.83,97.64,3,0,0,No Data,No Data,No Data,No Data,12,12,100.00,1.04,0.00,4.29,0.00,0.00,0.00,0.00,0.00,0.00,100.00,0.00,0.00,5,5,100.00,0.69,11.64,0.00,5,5,100.00,4.23,30.49,100.00,11,0,0,100.00,0.00,0.00,3.78,100.00,0.00,1.65,100.00,22,0,100.00,1.24,0,0,No Data,0,0,No Data,0,0,0,No Data,No Data,No Data,No Data,No Data,No Data,No Data,No Data,No Data,No Data,No Data,No Data,0,0,0,No Data,No Data,No Data,No Data,No Data,No Data,No Data,No Data,No Data,No Data,No Data,No Data,0,0,0,No Data,No Data,No Data,0,0,No Data,No Data,No Data,0,0,No Data,No Data,No Data,No Data,No Data,No Data,No Data,No Data,-91.18,Baik Sekali,-8.48,Baik Sekali,13.17,Cukup,No Data,No Data,No Data,No Data,0.00,0.00,No Data,0.00,0.00,No Data,0.00,0.00,No Data,37337,0,0.00,37337,131,0.35,19321,914,4.73,0,0,No Data,0,0,No Data,0.00,No Data,No Data,No Data,No Data,No Data,No Data,No Data,No Data,No Data,No Data,No Data,No Data,No Data,No Data,No Data,99.17,73.98,No Data,No Data,No Data,0.69,4.23,No Data,No Data,No Data,No Data,No Data,No Data,No Data,No Data,No Data,No Data,No Data,-5.138333,122.522738,0.021
85,74,Sulawesi Tenggara,7403,Muna,ST,20260624 ST Kantor Bupati Kab. Muna,-,-,ST Kantor Bupati,Reguler,Loka Kendari,24-Jun-2026,IOH,0,0,No Data,No Data,No Data,No Data,No Data,No Data,No Data,0,0,No Data,No Data,No Data,No Data,No Data,No Data,No Data,0,0,No Data,No Data,No Data,No Data,No Data,No Data,No Data,0,0,No Data,No Data,No Data,No Data,No Data,No Data,No Data,10,10,100.00,58.58,53.05,113.00,27.00,No Data,100.00,9.07,8.60,12.40,3.25,49.00,1,1,2,1,0,0,No Data,No Data,No Data,No Data,No Data,0,0,No Data,No Data,No Data,No Data,No Data,10,10,100.00,6.06,7.57,4.97,2.02,90.70,1,0,0,No Data,No Data,No Data,No Data,8,8,100.00,1.55,0.00,4.26,0.00,0.01,0.00,0.00,0.00,0.00,100.00,0.00,0.00,4,0,0.00,No Data,No Data,No Data,0,0,No Data,No Data,No Data,No Data,9,0,0,100.00,0.00,0.00,4.03,100.00,0.00,1.64,100.00,20,2,90.00,1.63,0,0,No Data,0,0,No Data,0,0,0,No Data,No Data,No Data,No Data,No Data,No Data,No Data,No Data,No Data,No Data,No Data,No Data,0,0,0,No Data,No Data,No Data,No Data,No Data,No Data,No Data,No Data,No Data,No Data,No Data,No Data,0,0,0,No Data,No Data,No Data,0,0,No Data,No Data,No Data,0,0,No Data,No Data,No Data,No Data,No Data,No Data,No Data,No Data,-103.03,Cukup,-7.26,Baik Sekali,14.88,Cukup,No Data,No Data,No Data,No Data,0.00,0.00,No Data,0.00,0.00,No Data,0.00,0.00,No Data,20821,7063,33.92,20821,0,0.00,18714,511,2.73,0,0,No Data,0,0,No Data,0.00,No Data,No Data,No Data,No Data,No Data,No Data,No Data,No Data,No Data,No Data,No Data,No Data,No Data,No Data,No Data,58.58,9.07,No Data,No Data,No Data,0.00,0.00,No Data,No Data,No Data,No Data,No Data,No Data,No Data,No Data,No Data,No Data,No Data,-4.797741,122.720333,0
86,74,Sulawesi Tenggara,7403,Muna,ST,20260624 ST Kantor Bupati Kab. Muna,-,-,ST Kantor Bupati,Reguler,Loka Kendari,24-Jun-2026,TSEL,0,0,No Data,No Data,No Data,No Data,No Data,No Data,No Data,0,0,No Data,No Data,No Data,No Data,No Data,No Data,No Data,0,0,No Data,No Data,No Data,No Data,No Data,No Data,No Data,0,0,No Data,No Data,No Data,No Data,No Data,No Data,No Data,10,10,100.00,37.58,38.35,46.60,24.10,No Data,100.00,3.72,3.38,8.83,2.15,28.40,3,2,3,2,0,0,No Data,No Data,No Data,No Data,No Data,0,0,No Data,No Data,No Data,No Data,No Data,10,10,100.00,5.88,7.92,4.87,2.07,41.70,2,0,0,No Data,No Data,No Data,No Data,11,11,100.00,1.83,0.00,4.23,0.00,0.03,0.00,0.00,0.00,0.00,100.00,0.00,0.00,5,0,0.00,No Data,No Data,No Data,0,0,No Data,No Data,No Data,No Data,10,0,0,100.00,0.00,0.00,3.98,100.00,0.00,1.65,100.00,20,1,95.00,2.05,0,0,No Data,0,0,No Data,0,0,0,No Data,No Data,No Data,No Data,No Data,No Data,No Data,No Data,No Data,No Data,No Data,No Data,0,0,0,No Data,No Data,No Data,No Data,No Data,No Data,No Data,No Data,No Data,No Data,No Data,No Data,0,0,0,No Data,No Data,No Data,0,0,No Data,No Data,No Data,0,0,No Data,No Data,No Data,No Data,No Data,No Data,No Data,No Data,-107.55,Kurang,-14.54,Cukup,-0.59,Kurang,No Data,No Data,No Data,No Data,0.00,0.00,No Data,0.00,0.00,No Data,0.00,0.00,No Data,31779,23547,74.10,31779,11553,36.35,14842,14356,96.73,0,0,No Data,0,0,No Data,0.00,No Data,No Data,No Data,No Data,No Data,No Data,No Data,No Data,No Data,No Data,No Data,No Data,No Data,No Data,No Data,34.16,3.38,No Data,No Data,No Data,0.00,0.00,No Data,No Data,No Data,No Data,No Data,No Data,No Data,No Data,No Data,No Data,No Data,-4.797741,122.720333,0.006
87,74,Sulawesi Tenggara,7403,Muna,ST,20260624 ST Kantor Bupati Kab. Muna,-,-,ST Kantor Bupati,Reguler,Loka Kendari,24-Jun-2026,XLS,0,0,No Data,No Data,No Data,No Data,No Data,No Data,No Data,0,0,No Data,No Data,No Data,No Data,No Data,No Data,No Data,0,0,No Data,No Data,No Data,No Data,No Data,No Data,No Data,0,0,No Data,No Data,No Data,No Data,No Data,No Data,No Data,9,8,88.89,53.15,53.85,84.90,20.00,No Data,88.89,2.40,2.06,8.32,0.19,275.00,2,3,1,3,0,0,No Data,No Data,No Data,No Data,No Data,0,0,No Data,No Data,No Data,No Data,No Data,9,9,100.00,3.89,6.89,0.45,8.92,105.22,3,0,0,No Data,No Data,No Data,No Data,10,6,60.00,1.27,0.00,4.27,0.00,0.00,0.00,0.00,0.00,0.00,100.00,0.00,0.00,4,4,100.00,0.26,34.83,100.00,1,1,100.00,1.87,68.95,100.00,9,0,0,100.00,0.00,0.00,3.81,100.00,0.00,2.39,100.00,18,7,61.11,2.28,0,0,No Data,0,0,No Data,0,0,0,No Data,No Data,No Data,No Data,No Data,No Data,No Data,No Data,No Data,No Data,No Data,No Data,0,0,0,No Data,No Data,No Data,No Data,No Data,No Data,No Data,No Data,No Data,No Data,No Data,No Data,0,0,0,No Data,No Data,No Data,0,0,No Data,No Data,No Data,0,0,No Data,No Data,No Data,No Data,No Data,No Data,No Data,No Data,-110.54,Kurang,-12.23,Cukup,4.40,Kurang,No Data,No Data,No Data,No Data,0.00,0.00,No Data,0.00,0.00,No Data,0.00,0.00,No Data,27294,25469,93.31,27294,2037,7.46,16630,14253,85.71,0,0,No Data,0,0,No Data,0.00,No Data,No Data,No Data,No Data,No Data,No Data,No Data,No Data,No Data,No Data,No Data,No Data,No Data,No Data,No Data,42.52,1.92,No Data,No Data,No Data,0.26,0.47,No Data,No Data,No Data,No Data,No Data,No Data,No Data,No Data,No Data,No Data,No Data,-4.797741,122.720333,0
88,74,Sulawesi Tenggara,7403,Muna,ST,20260624 ST Puskesmas Katobu Kab. Muna,-,-,ST Puskesmas Katobu,Reguler,Loka Kendari,24-Jun-2026,IOH,0,0,No Data,No Data,No Data,No Data,No Data,No Data,No Data,0,0,No Data,No Data,No Data,No Data,No Data,No Data,No Data,0,0,No Data,No Data,No Data,No Data,No Data,No Data,No Data,0,0,No Data,No Data,No Data,No Data,No Data,No Data,No Data,9,9,100.00,91.28,90.60,98.30,86.00,No Data,100.00,12.53,12.50,16.50,7.71,47.78,2,2,2,2,0,0,No Data,No Data,No Data,No Data,No Data,0,0,No Data,No Data,No Data,No Data,No Data,9,9,100.00,6.30,7.30,5.62,1.99,91.00,2,0,0,No Data,No Data,No Data,No Data,7,7,100.00,1.28,0.00,4.23,0.00,0.00,0.00,0.00,0.00,0.00,100.00,0.00,0.00,4,0,0.00,No Data,No Data,No Data,0,0,No Data,No Data,No Data,No Data,9,0,0,100.00,0.00,0.00,4.06,100.00,0.00,1.52,100.00,18,0,100.00,2.13,0,0,No Data,0,0,No Data,0,0,0,No Data,No Data,No Data,No Data,No Data,No Data,No Data,No Data,No Data,No Data,No Data,No Data,0,0,0,No Data,No Data,No Data,No Data,No Data,No Data,No Data,No Data,No Data,No Data,No Data,No Data,0,0,0,No Data,No Data,No Data,0,0,No Data,No Data,No Data,0,0,No Data,No Data,No Data,No Data,No Data,No Data,No Data,No Data,-94.52,Baik,-8.72,Baik Sekali,8.09,Cukup,No Data,No Data,No Data,No Data,0.00,0.00,No Data,0.00,0.00,No Data,0.00,0.00,No Data,26754,0,0.00,26754,0,0.00,24982,11973,47.93,0,0,No Data,0,0,No Data,0.00,No Data,No Data,No Data,No Data,No Data,No Data,No Data,No Data,No Data,No Data,No Data,No Data,No Data,No Data,No Data,82.15,11.28,No Data,No Data,No Data,0.00,0.00,No Data,No Data,No Data,No Data,No Data,No Data,No Data,No Data,No Data,No Data,No Data,-4.823481,122.721354,0.002
89,74,Sulawesi Tenggara,7403,Muna,ST,20260624 ST Puskesmas Katobu Kab. Muna,-,-,ST Puskesmas Katobu,Reguler,Loka Kendari,24-Jun-2026,TSEL,0,0,No Data,No Data,No Data,No Data,No Data,No Data,No Data,0,0,No Data,No Data,No Data,No Data,No Data,No Data,No Data,0,0,No Data,No Data,No Data,No Data,No Data,No Data,No Data,0,0,No Data,No Data,No Data,No Data,No Data,No Data,No Data,11,11,100.00,49.74,52.80,70.80,30.90,No Data,100.00,11.62,11.40,16.70,9.34,27.64,3,3,3,3,0,0,No Data,No Data,No Data,No Data,No Data,0,0,No Data,No Data,No Data,No Data,No Data,11,11,100.00,6.22,9.58,4.75,1.82,28.91,3,0,0,No Data,No Data,No Data,No Data,11,11,100.00,1.93,0.00,4.27,0.00,0.01,0.00,0.00,0.00,0.00,100.00,0.00,0.00,5,0,0.00,No Data,No Data,No Data,0,0,No Data,No Data,No Data,No Data,11,0,0,100.00,0.00,0.00,4.05,100.00,0.00,1.43,100.00,22,0,100.00,1.26,0,0,No Data,0,0,No Data,0,0,0,No Data,No Data,No Data,No Data,No Data,No Data,No Data,No Data,No Data,No Data,No Data,No Data,0,0,0,No Data,No Data,No Data,No Data,No Data,No Data,No Data,No Data,No Data,No Data,No Data,No Data,0,0,0,No Data,No Data,No Data,0,0,No Data,No Data,No Data,0,0,No Data,No Data,No Data,No Data,No Data,No Data,No Data,No Data,-100.06,Baik,-12.44,Cukup,1.28,Kurang,No Data,No Data,No Data,No Data,0.00,0.00,No Data,0.00,0.00,No Data,0.00,0.00,No Data,63541,9088,14.30,63541,13346,21.00,23749,20006,84.24,0,0,No Data,0,0,No Data,0.00,No Data,No Data,No Data,No Data,No Data,No Data,No Data,No Data,No Data,No Data,No Data,No Data,No Data,No Data,No Data,49.74,11.62,No Data,No Data,No Data,0.00,0.00,No Data,No Data,No Data,No Data,No Data,No Data,No Data,No Data,No Data,No Data,No Data,-4.823481,122.721354,0
90,74,Sulawesi Tenggara,7403,Muna,ST,20260624 ST Puskesmas Katobu Kab. Muna,-,-,ST Puskesmas Katobu,Reguler,Loka Kendari,24-Jun-2026,XLS,0,0,No Data,No Data,No Data,No Data,No Data,No Data,No Data,0,0,No Data,No Data,No Data,No Data,No Data,No Data,No Data,0,0,No Data,No Data,No Data,No Data,No Data,No Data,No Data,0,0,No Data,No Data,No Data,No Data,No Data,No Data,No Data,12,12,100.00,120.75,121.00,123.00,114.00,No Data,100.00,69.99,69.40,86.00,53.80,54.50,1,1,1,1,0,0,No Data,No Data,No Data,No Data,No Data,0,0,No Data,No Data,No Data,No Data,No Data,12,12,100.00,6.72,8.25,5.41,1.82,91.25,1,0,0,No Data,No Data,No Data,No Data,12,12,100.00,0.90,0.00,4.26,0.00,0.00,0.00,0.00,0.00,0.00,100.00,0.00,0.00,5,5,100.00,0.70,11.57,0.00,5,5,100.00,4.46,28.93,100.00,11,0,0,100.00,0.00,0.00,3.84,100.00,0.00,1.59,100.00,24,0,100.00,1.19,0,0,No Data,0,0,No Data,0,0,0,No Data,No Data,No Data,No Data,No Data,No Data,No Data,No Data,No Data,No Data,No Data,No Data,0,0,0,No Data,No Data,No Data,No Data,No Data,No Data,No Data,No Data,No Data,No Data,No Data,No Data,0,0,0,No Data,No Data,No Data,0,0,No Data,No Data,No Data,0,0,No Data,No Data,No Data,No Data,No Data,No Data,No Data,No Data,-88.79,Baik Sekali,-12.42,Cukup,12.34,Cukup,No Data,No Data,No Data,No Data,0.00,0.00,No Data,0.00,0.00,No Data,0.00,0.00,No Data,26752,0,0.00,26752,4575,17.10,20443,4850,23.72,0,0,No Data,0,0,No Data,0.00,No Data,No Data,No Data,No Data,No Data,No Data,No Data,No Data,No Data,No Data,No Data,No Data,No Data,No Data,No Data,120.75,69.99,No Data,No Data,No Data,0.70,4.46,No Data,No Data,No Data,No Data,No Data,No Data,No Data,No Data,No Data,No Data,No Data,-4.823481,122.721354,0.001
91,74,Sulawesi Tenggara,7407,Wakatobi,DT,20260701 DT Kab. Wakatobi,-,-,DT Kab. Wakatobi,Reguler,Loka Kendari,01-Jul-2026,IOH,0,0,No Data,No Data,No Data,No Data,No Data,No Data,No Data,0,0,No Data,No Data,No Data,No Data,No Data,No Data,No Data,0,0,No Data,No Data,No Data,No Data,No Data,No Data,No Data,0,0,No Data,No Data,No Data,No Data,No Data,No Data,No Data,0,0,No Data,No Data,No Data,No Data,No Data,No Data,No Data,No Data,No Data,No Data,No Data,No Data,No Data,No Data,No Data,No Data,0,0,No Data,No Data,No Data,No Data,No Data,0,0,No Data,No Data,No Data,No Data,No Data,0,0,No Data,No Data,No Data,No Data,No Data,No Data,No Data,0,0,No Data,No Data,No Data,No Data,0,0,No Data,No Data,No Data,No Data,No Data,No Data,No Data,No Data,No Data,No Data,No Data,No Data,No Data,0,0,No Data,No Data,No Data,No Data,0,0,No Data,No Data,No Data,No Data,15,8,0,46.67,53.33,0.00,4.11,100.00,0.00,2.73,100.00,26,19,26.92,1.11,0,0,No Data,0,0,No Data,0,0,0,No Data,No Data,No Data,No Data,No Data,No Data,No Data,No Data,No Data,No Data,No Data,No Data,0,0,0,No Data,No Data,No Data,No Data,No Data,No Data,No Data,No Data,No Data,No Data,No Data,No Data,0,0,0,No Data,No Data,No Data,0,0,No Data,No Data,No Data,0,0,No Data,No Data,No Data,No Data,No Data,No Data,No Data,No Data,-113.61,Kurang,-9.69,Baik Sekali,8.66,Cukup,-80.97,Baik Sekali,2.9,Baik,0.00,0.00,No Data,0.00,0.00,No Data,0.00,0.00,No Data,7760,5805,74.81,7760,504,6.49,7706,4176,54.19,8536,565,6.62,11,4,36.36,,No Data,No Data,No Data,No Data,No Data,No Data,No Data,No Data,No Data,No Data,No Data,No Data,No Data,No Data,No Data,No Data,No Data,No Data,No Data,No Data,No Data,No Data,No Data,No Data,No Data,No Data,No Data,No Data,No Data,No Data,No Data,No Data,No Data,-5.324676,123.536145,123.211
92,74,Sulawesi Tenggara,7407,Wakatobi,DT,20260701 DT Kab. Wakatobi,-,-,DT Kab. Wakatobi,Reguler,Loka Kendari,01-Jul-2026,TSEL,0,0,No Data,No Data,No Data,No Data,No Data,No Data,No Data,0,0,No Data,No Data,No Data,No Data,No Data,No Data,No Data,0,0,No Data,No Data,No Data,No Data,No Data,No Data,No Data,0,0,No Data,No Data,No Data,No Data,No Data,No Data,No Data,46,41,89.13,103.43,110.00,257.00,0.25,No Data,89.13,23.92,21.70,66.50,0.01,39.00,1,1,1,1,0,0,No Data,No Data,No Data,No Data,No Data,0,0,No Data,No Data,No Data,No Data,No Data,47,44,93.62,4.77,7.95,0.09,6.35,46.30,1,0,0,No Data,No Data,No Data,No Data,45,39,86.67,1.10,0.00,4.26,0.01,0.01,0.00,0.00,0.00,0.00,100.00,0.00,0.00,18,0,0.00,No Data,No Data,No Data,16,15,93.75,3.92,34.47,100.00,46,2,0,95.65,4.35,0.00,3.93,95.45,4.55,2.33,97.73,94,18,80.85,1.58,0,0,No Data,0,0,No Data,0,0,0,No Data,No Data,No Data,No Data,No Data,No Data,No Data,No Data,No Data,No Data,No Data,No Data,0,0,0,No Data,No Data,No Data,No Data,No Data,No Data,No Data,No Data,No Data,No Data,No Data,No Data,0,0,0,No Data,No Data,No Data,0,0,No Data,No Data,No Data,0,0,No Data,No Data,No Data,No Data,No Data,No Data,No Data,No Data,-97.59,Baik,-11.07,Baik,8.75,Cukup,-91.60,Baik,1.7,Baik Sekali,0.00,0.00,No Data,0.00,0.00,No Data,0.00,0.00,No Data,106099,30724,28.96,106099,7264,6.85,71699,35537,49.56,403,156,38.71,185,40,21.62,,No Data,No Data,No Data,No Data,No Data,No Data,No Data,No Data,No Data,No Data,No Data,No Data,No Data,No Data,No Data,103.43,23.92,No Data,No Data,No Data,No Data,3.92,No Data,No Data,No Data,No Data,No Data,No Data,No Data,No Data,No Data,No Data,No Data,-5.330454,123.538264,123.132
93,74,Sulawesi Tenggara,7407,Wakatobi,DT,20260701 DT Kab. Wakatobi,-,-,DT Kab. Wakatobi,Reguler,Loka Kendari,01-Jul-2026,XLS,0,0,No Data,No Data,No Data,No Data,No Data,No Data,No Data,0,0,No Data,No Data,No Data,No Data,No Data,No Data,No Data,0,0,No Data,No Data,No Data,No Data,No Data,No Data,No Data,0,0,No Data,No Data,No Data,No Data,No Data,No Data,No Data,1,0,0.00,No Data,No Data,No Data,No Data,No Data,0.00,No Data,No Data,No Data,No Data,No Data,0,0,0,0,0,0,No Data,No Data,No Data,No Data,No Data,0,0,No Data,No Data,No Data,No Data,No Data,0,0,No Data,No Data,No Data,No Data,No Data,No Data,No Data,0,0,No Data,No Data,No Data,No Data,0,0,No Data,No Data,No Data,No Data,No Data,No Data,No Data,No Data,No Data,No Data,No Data,No Data,No Data,0,0,No Data,No Data,No Data,No Data,0,0,No Data,No Data,No Data,No Data,4,3,0,25.00,75.00,0.00,3.77,100.00,0.00,1.59,100.00,10,6,40.00,2.24,0,0,No Data,0,0,No Data,0,0,0,No Data,No Data,No Data,No Data,No Data,No Data,No Data,No Data,No Data,No Data,No Data,No Data,0,0,0,No Data,No Data,No Data,No Data,No Data,No Data,No Data,No Data,No Data,No Data,No Data,No Data,0,0,0,No Data,No Data,No Data,0,0,No Data,No Data,No Data,0,0,No Data,No Data,No Data,No Data,No Data,No Data,No Data,No Data,-123.27,Kurang,-12.81,Cukup,-3.61,Kurang,-77.80,Baik Sekali,No Data,No Data,0.00,0.00,No Data,0.00,0.00,No Data,0.00,0.00,No Data,22,22,100.00,22,2,9.09,22,21,95.45,11158,447,4.01,0,0,No Data,,No Data,No Data,No Data,No Data,No Data,No Data,No Data,No Data,No Data,No Data,No Data,No Data,No Data,No Data,No Data,No Data,No Data,No Data,No Data,No Data,No Data,No Data,No Data,No Data,No Data,No Data,No Data,No Data,No Data,No Data,No Data,No Data,No Data,-5.319807,123.533899,123.257
94,74,Sulawesi Tenggara,7407,Wakatobi,ST,20260701 ST Pasar Pelangi Marina Kab. Wakatobi,-,-,ST Pasar Pelangi Marina Kab. Wakatobi,Reguler,Loka Kendari,01-Jul-2026,IOH,0,0,No Data,No Data,No Data,No Data,No Data,No Data,No Data,0,0,No Data,No Data,No Data,No Data,No Data,No Data,No Data,0,0,No Data,No Data,No Data,No Data,No Data,No Data,No Data,0,0,No Data,No Data,No Data,No Data,No Data,No Data,No Data,9,9,100.00,35.16,35.80,38.30,30.40,No Data,100.00,2.84,2.71,3.98,1.32,76.22,2,2,2,2,0,0,No Data,No Data,No Data,No Data,No Data,0,0,No Data,No Data,No Data,No Data,No Data,9,9,100.00,3.77,6.19,2.96,2.47,138.33,2,0,0,No Data,No Data,No Data,No Data,9,9,100.00,1.53,0.00,4.30,0.00,0.01,0.00,0.00,0.00,0.00,66.67,0.00,0.00,5,0,0.00,No Data,No Data,No Data,0,0,No Data,No Data,No Data,No Data,10,0,1,90.00,0.00,10.00,4.21,100.00,0.00,1.67,100.00,18,6,66.67,1.59,0,0,No Data,0,0,No Data,0,0,0,No Data,No Data,No Data,No Data,No Data,No Data,No Data,No Data,No Data,No Data,No Data,No Data,0,0,0,No Data,No Data,No Data,No Data,No Data,No Data,No Data,No Data,No Data,No Data,No Data,No Data,0,0,0,No Data,No Data,No Data,0,0,No Data,No Data,No Data,0,0,No Data,No Data,No Data,No Data,No Data,No Data,No Data,No Data,-99.59,Baik,-8.46,Baik Sekali,14.09,Cukup,No Data,No Data,No Data,No Data,0.00,0.00,No Data,0.00,0.00,No Data,0.00,0.00,No Data,14312,1479,10.33,14312,0,0.00,13967,35,0.25,0,0,No Data,0,0,No Data,,No Data,No Data,No Data,No Data,No Data,No Data,No Data,No Data,No Data,No Data,No Data,No Data,No Data,No Data,No Data,35.16,2.84,No Data,No Data,No Data,No Data,No Data,No Data,No Data,No Data,No Data,No Data,No Data,No Data,No Data,No Data,No Data,No Data,-5.321692,123.532202,0.044
95,74,Sulawesi Tenggara,7407,Wakatobi,ST,20260701 ST Pasar Pelangi Marina Kab. Wakatobi,-,-,ST Pasar Pelangi Marina Kab. Wakatobi,Reguler,Loka Kendari,01-Jul-2026,TSEL,0,0,No Data,No Data,No Data,No Data,No Data,No Data,No Data,0,0,No Data,No Data,No Data,No Data,No Data,No Data,No Data,0,0,No Data,No Data,No Data,No Data,No Data,No Data,No Data,0,0,No Data,No Data,No Data,No Data,No Data,No Data,No Data,4,4,100.00,44.02,46.30,56.10,27.40,No Data,100.00,71.58,70.25,81.70,64.10,29.00,1,1,1,1,0,0,No Data,No Data,No Data,No Data,No Data,0,0,No Data,No Data,No Data,No Data,No Data,4,4,100.00,5.68,7.23,4.60,1.47,28.75,1,0,0,No Data,No Data,No Data,No Data,4,4,100.00,1.51,0.00,4.23,0.00,0.00,0.00,0.00,0.00,0.00,100.00,0.00,0.00,1,0,0.00,No Data,No Data,No Data,1,1,100.00,4.53,28.43,100.00,3,0,0,100.00,0.00,0.00,4.00,100.00,0.00,1.46,100.00,8,0,100.00,0.99,0,0,No Data,0,0,No Data,0,0,0,No Data,No Data,No Data,No Data,No Data,No Data,No Data,No Data,No Data,No Data,No Data,No Data,0,0,0,No Data,No Data,No Data,No Data,No Data,No Data,No Data,No Data,No Data,No Data,No Data,No Data,0,0,0,No Data,No Data,No Data,0,0,No Data,No Data,No Data,0,0,No Data,No Data,No Data,No Data,No Data,No Data,No Data,No Data,-83.46,Baik Sekali,-16.62,Kurang,-4.70,Kurang,No Data,No Data,No Data,No Data,0.00,0.00,No Data,0.00,0.00,No Data,0.00,0.00,No Data,23811,0,0.00,23811,14566,61.17,15914,15893,99.87,0,0,No Data,0,0,No Data,,No Data,No Data,No Data,No Data,No Data,No Data,No Data,No Data,No Data,No Data,No Data,No Data,No Data,No Data,No Data,44.02,71.58,No Data,No Data,No Data,No Data,4.53,No Data,No Data,No Data,No Data,No Data,No Data,No Data,No Data,No Data,No Data,No Data,-5.321684,123.532196,0.044
96,74,Sulawesi Tenggara,7407,Wakatobi,ST,20260701 ST Pasar Pelangi Marina Kab. Wakatobi,-,-,ST Pasar Pelangi Marina Kab. Wakatobi,Reguler,Loka Kendari,01-Jul-2026,XLS,0,0,No Data,No Data,No Data,No Data,No Data,No Data,No Data,0,0,No Data,No Data,No Data,No Data,No Data,No Data,No Data,0,0,No Data,No Data,No Data,No Data,No Data,No Data,No Data,0,0,No Data,No Data,No Data,No Data,No Data,No Data,No Data,0,0,No Data,No Data,No Data,No Data,No Data,No Data,No Data,No Data,No Data,No Data,No Data,No Data,No Data,No Data,No Data,No Data,0,0,No Data,No Data,No Data,No Data,No Data,0,0,No Data,No Data,No Data,No Data,No Data,0,0,No Data,No Data,No Data,No Data,No Data,No Data,No Data,0,0,No Data,No Data,No Data,No Data,0,0,No Data,No Data,No Data,No Data,No Data,No Data,No Data,No Data,No Data,No Data,No Data,No Data,No Data,0,0,No Data,No Data,No Data,No Data,0,0,No Data,No Data,No Data,No Data,2,2,0,0.00,100.00,0.00,No Data,No Data,No Data,No Data,No Data,2,2,0.00,No Data,0,0,No Data,0,0,No Data,0,0,0,No Data,No Data,No Data,No Data,No Data,No Data,No Data,No Data,No Data,No Data,No Data,No Data,0,0,0,No Data,No Data,No Data,No Data,No Data,No Data,No Data,No Data,No Data,No Data,No Data,No Data,0,0,0,No Data,No Data,No Data,0,0,No Data,No Data,No Data,0,0,No Data,No Data,No Data,No Data,No Data,No Data,No Data,No Data,-89.75,Baik Sekali,-8.10,Baik Sekali,15.70,Baik,-49.04,Baik Sekali,No Data,No Data,0.00,0.00,No Data,0.00,0.00,No Data,0.00,0.00,No Data,2,0,0.00,2,0,0.00,2,0,0.00,1857,0,0.00,0,0,No Data,,No Data,No Data,No Data,No Data,No Data,No Data,No Data,No Data,No Data,No Data,No Data,No Data,No Data,No Data,No Data,No Data,No Data,No Data,No Data,No Data,No Data,No Data,No Data,No Data,No Data,No Data,No Data,No Data,No Data,No Data,No Data,No Data,No Data,-5.321833,123.532039,0.05
97,74,Sulawesi Tenggara,7407,Wakatobi,ST,20260702 ST Kantor Bupati Kab. Wakatobi,-,-,ST Kantor Bupati Kab. Wakatobi,Reguler,Loka Kendari,02-Jul-2026,IOH,0,0,No Data,No Data,No Data,No Data,No Data,No Data,No Data,0,0,No Data,No Data,No Data,No Data,No Data,No Data,No Data,0,0,No Data,No Data,No Data,No Data,No Data,No Data,No Data,0,0,No Data,No Data,No Data,No Data,No Data,No Data,No Data,10,10,100.00,34.85,34.80,36.90,31.70,No Data,100.00,0.73,0.74,1.04,0.56,75.70,1,1,2,2,0,0,No Data,No Data,No Data,No Data,No Data,0,0,No Data,No Data,No Data,No Data,No Data,10,10,100.00,3.51,4.87,2.77,2.59,264.20,2,0,0,No Data,No Data,No Data,No Data,10,10,100.00,1.68,0.00,4.26,0.00,0.00,0.00,0.00,0.00,0.00,90.00,0.00,0.00,4,0,0.00,No Data,No Data,No Data,0,0,No Data,No Data,No Data,No Data,10,0,0,100.00,0.00,0.00,3.99,100.00,0.00,1.82,100.00,20,9,55.00,1.33,0,0,No Data,0,0,No Data,0,0,0,No Data,No Data,No Data,No Data,No Data,No Data,No Data,No Data,No Data,No Data,No Data,No Data,0,0,0,No Data,No Data,No Data,No Data,No Data,No Data,No Data,No Data,No Data,No Data,No Data,No Data,0,0,0,No Data,No Data,No Data,0,0,No Data,No Data,No Data,0,0,No Data,No Data,No Data,No Data,No Data,No Data,No Data,No Data,-119.27,Kurang,-10.49,Baik,2.30,Kurang,No Data,No Data,No Data,No Data,0.00,0.00,No Data,0.00,0.00,No Data,0.00,0.00,No Data,13260,13259,99.99,13260,7,0.05,13248,13245,99.98,0,0,No Data,0,0,No Data,,No Data,No Data,No Data,No Data,No Data,No Data,No Data,No Data,No Data,No Data,No Data,No Data,No Data,No Data,No Data,34.85,0.73,No Data,No Data,No Data,No Data,No Data,No Data,No Data,No Data,No Data,No Data,No Data,No Data,No Data,No Data,No Data,No Data,-5.328784,123.538777,0.001
98,74,Sulawesi Tenggara,7407,Wakatobi,ST,20260702 ST Kantor Bupati Kab. Wakatobi,-,-,ST Kantor Bupati Kab. Wakatobi,Reguler,Loka Kendari,02-Jul-2026,TSEL,0,0,No Data,No Data,No Data,No Data,No Data,No Data,No Data,0,0,No Data,No Data,No Data,No Data,No Data,No Data,No Data,0,0,No Data,No Data,No Data,No Data,No Data,No Data,No Data,0,0,No Data,No Data,No Data,No Data,No Data,No Data,No Data,12,12,100.00,19.71,20.10,33.40,9.67,No Data,100.00,42.91,48.75,70.20,12.80,27.58,2,2,1,1,0,0,No Data,No Data,No Data,No Data,No Data,0,0,No Data,No Data,No Data,No Data,No Data,12,12,100.00,5.93,6.88,3.60,1.66,32.00,1,0,0,No Data,No Data,No Data,No Data,12,12,100.00,4.12,8.33,4.04,0.00,0.00,0.00,0.00,8.33,16.67,75.00,0.00,0.00,5,0,0.00,No Data,No Data,No Data,5,5,100.00,4.30,30.44,100.00,11,0,0,100.00,0.00,0.00,4.06,100.00,0.00,3.51,100.00,22,0,100.00,1.08,0,0,No Data,0,0,No Data,0,0,0,No Data,No Data,No Data,No Data,No Data,No Data,No Data,No Data,No Data,No Data,No Data,No Data,0,0,0,No Data,No Data,No Data,No Data,No Data,No Data,No Data,No Data,No Data,No Data,No Data,No Data,0,0,0,No Data,No Data,No Data,0,0,No Data,No Data,No Data,0,0,No Data,No Data,No Data,No Data,No Data,No Data,No Data,No Data,-91.19,Baik Sekali,-12.65,Cukup,0.42,Kurang,No Data,No Data,No Data,No Data,0.00,0.00,No Data,0.00,0.00,No Data,0.00,0.00,No Data,38259,10,0.03,38259,6562,17.15,26375,24250,91.94,0,0,No Data,0,0,No Data,,No Data,No Data,No Data,No Data,No Data,No Data,No Data,No Data,No Data,No Data,No Data,No Data,No Data,No Data,No Data,19.71,42.91,No Data,No Data,No Data,No Data,4.30,No Data,No Data,No Data,No Data,No Data,No Data,No Data,No Data,No Data,No Data,No Data,-5.328792,123.538774,0
99,74,Sulawesi Tenggara,7407,Wakatobi,ST,20260702 ST Kantor Bupati Kab. Wakatobi,-,-,ST Kantor Bupati Kab. Wakatobi,Reguler,Loka Kendari,02-Jul-2026,XLS,0,0,No Data,No Data,No Data,No Data,No Data,No Data,No Data,0,0,No Data,No Data,No Data,No Data,No Data,No Data,No Data,0,0,No Data,No Data,No Data,No Data,No Data,No Data,No Data,0,0,No Data,No Data,No Data,No Data,No Data,No Data,No Data,1,0,0.00,No Data,No Data,No Data,No Data,No Data,0.00,No Data,No Data,No Data,No Data,No Data,0,0,0,0,0,0,No Data,No Data,No Data,No Data,No Data,0,0,No Data,No Data,No Data,No Data,No Data,0,0,No Data,No Data,No Data,No Data,No Data,No Data,No Data,0,0,No Data,No Data,No Data,No Data,0,0,No Data,No Data,No Data,No Data,No Data,No Data,No Data,No Data,No Data,No Data,No Data,No Data,No Data,0,0,No Data,No Data,No Data,No Data,0,0,No Data,No Data,No Data,No Data,0,0,0,No Data,No Data,No Data,No Data,No Data,No Data,No Data,No Data,2,2,0.00,No Data,0,0,No Data,0,0,No Data,0,0,0,No Data,No Data,No Data,No Data,No Data,No Data,No Data,No Data,No Data,No Data,No Data,No Data,0,0,0,No Data,No Data,No Data,No Data,No Data,No Data,No Data,No Data,No Data,No Data,No Data,No Data,0,0,0,No Data,No Data,No Data,0,0,No Data,No Data,No Data,0,0,No Data,No Data,No Data,No Data,No Data,No Data,No Data,No Data,-117.50,Kurang,-14.05,Cukup,-0.75,Kurang,-71.90,Baik Sekali,No Data,No Data,0.00,0.00,No Data,0.00,0.00,No Data,0.00,0.00,No Data,2,2,100.00,2,0,0.00,2,2,100.00,3192,0,0.00,0,0,No Data,,No Data,No Data,No Data,No Data,No Data,No Data,No Data,No Data,No Data,No Data,No Data,No Data,No Data,No Data,No Data,No Data,No Data,No Data,No Data,No Data,No Data,No Data,No Data,No Data,No Data,No Data,No Data,No Data,No Data,No Data,No Data,No Data,No Data,-5.328788,123.53878,0.001
100,74,Sulawesi Tenggara,7407,Wakatobi,ST,20260702 ST RSUD Wakatobi Kab. Wakatobi,-,-,ST RSUD Wakatobi Kab. Wakatobi,Reguler,Loka Kendari,02-Jul-2026,IOH,0,0,No Data,No Data,No Data,No Data,No Data,No Data,No Data,0,0,No Data,No Data,No Data,No Data,No Data,No Data,No Data,0,0,No Data,No Data,No Data,No Data,No Data,No Data,No Data,0,0,No Data,No Data,No Data,No Data,No Data,No Data,No Data,0,0,No Data,No Data,No Data,No Data,No Data,No Data,No Data,No Data,No Data,No Data,No Data,No Data,No Data,No Data,No Data,No Data,0,0,No Data,No Data,No Data,No Data,No Data,0,0,No Data,No Data,No Data,No Data,No Data,0,0,No Data,No Data,No Data,No Data,No Data,No Data,No Data,0,0,No Data,No Data,No Data,No Data,0,0,No Data,No Data,No Data,No Data,No Data,No Data,No Data,No Data,No Data,No Data,No Data,No Data,No Data,0,0,No Data,No Data,No Data,No Data,0,0,No Data,No Data,No Data,No Data,2,2,0,0.00,100.00,0.00,No Data,No Data,No Data,No Data,No Data,2,2,0.00,No Data,0,0,No Data,0,0,No Data,0,0,0,No Data,No Data,No Data,No Data,No Data,No Data,No Data,No Data,No Data,No Data,No Data,No Data,0,0,0,No Data,No Data,No Data,No Data,No Data,No Data,No Data,No Data,No Data,No Data,No Data,No Data,0,0,0,No Data,No Data,No Data,0,0,No Data,No Data,No Data,0,0,No Data,No Data,No Data,No Data,No Data,No Data,No Data,No Data,-129.29,Kurang,-16.62,Kurang,-4.57,Kurang,-77.99,Baik Sekali,No Data,No Data,0.00,0.00,No Data,0.00,0.00,No Data,0.00,0.00,No Data,500,500,100.00,500,372,74.40,500,500,100.00,1617,0,0.00,0,0,No Data,,No Data,No Data,No Data,No Data,No Data,No Data,No Data,No Data,No Data,No Data,No Data,No Data,No Data,No Data,No Data,No Data,No Data,No Data,No Data,No Data,No Data,No Data,No Data,No Data,No Data,No Data,No Data,No Data,No Data,No Data,No Data,No Data,No Data,-5.342849,123.554636,0.006
101,74,Sulawesi Tenggara,7407,Wakatobi,ST,20260702 ST RSUD Wakatobi Kab. Wakatobi,-,-,ST RSUD Wakatobi Kab. Wakatobi,Reguler,Loka Kendari,02-Jul-2026,TSEL,0,0,No Data,No Data,No Data,No Data,No Data,No Data,No Data,0,0,No Data,No Data,No Data,No Data,No Data,No Data,No Data,0,0,No Data,No Data,No Data,No Data,No Data,No Data,No Data,0,0,No Data,No Data,No Data,No Data,No Data,No Data,No Data,11,9,81.82,24.35,21.55,39.20,14.50,No Data,81.82,5.40,4.74,13.60,0.86,29.25,1,1,1,1,0,0,No Data,No Data,No Data,No Data,No Data,0,0,No Data,No Data,No Data,No Data,No Data,10,10,100.00,4.14,6.78,0.33,6.30,45.60,1,0,0,No Data,No Data,No Data,No Data,11,10,90.91,2.83,0.00,4.19,0.00,0.00,0.00,0.00,0.00,0.00,100.00,0.00,0.00,5,0,0.00,No Data,No Data,No Data,4,4,100.00,3.13,43.10,100.00,11,1,0,90.91,9.09,0.00,3.87,100.00,0.00,1.46,100.00,20,2,90.00,2.07,0,0,No Data,0,0,No Data,0,0,0,No Data,No Data,No Data,No Data,No Data,No Data,No Data,No Data,No Data,No Data,No Data,No Data,0,0,0,No Data,No Data,No Data,No Data,No Data,No Data,No Data,No Data,No Data,No Data,No Data,No Data,0,0,0,No Data,No Data,No Data,0,0,No Data,No Data,No Data,0,0,No Data,No Data,No Data,No Data,No Data,No Data,No Data,No Data,-107.98,Kurang,-15.60,Cukup,-1.31,Kurang,No Data,No Data,No Data,No Data,0.00,0.00,No Data,0.00,0.00,No Data,0.00,0.00,No Data,20967,15579,74.30,20967,9651,46.03,13167,13165,99.98,0,0,No Data,0,0,No Data,,No Data,No Data,No Data,No Data,No Data,No Data,No Data,No Data,No Data,No Data,No Data,No Data,No Data,No Data,No Data,24.35,5.40,No Data,No Data,No Data,No Data,3.13,No Data,No Data,No Data,No Data,No Data,No Data,No Data,No Data,No Data,No Data,No Data,-5.342836,123.554656,0.036
102,74,Sulawesi Tenggara,7407,Wakatobi,ST,20260702 ST RSUD Wakatobi Kab. Wakatobi,-,-,ST RSUD Wakatobi Kab. Wakatobi,Reguler,Loka Kendari,02-Jul-2026,XLS,0,0,No Data,No Data,No Data,No Data,No Data,No Data,No Data,0,0,No Data,No Data,No Data,No Data,No Data,No Data,No Data,0,0,No Data,No Data,No Data,No Data,No Data,No Data,No Data,0,0,No Data,No Data,No Data,No Data,No Data,No Data,No Data,1,0,0.00,No Data,No Data,No Data,No Data,No Data,0.00,No Data,No Data,No Data,No Data,No Data,0,0,0,0,0,0,No Data,No Data,No Data,No Data,No Data,0,0,No Data,No Data,No Data,No Data,No Data,1,0,0.00,No Data,No Data,No Data,No Data,No Data,No Data,0,0,No Data,No Data,No Data,No Data,0,0,No Data,No Data,No Data,No Data,No Data,No Data,No Data,No Data,No Data,No Data,No Data,No Data,No Data,0,0,No Data,No Data,No Data,No Data,0,0,No Data,No Data,No Data,No Data,3,3,0,0.00,100.00,0.00,No Data,No Data,No Data,No Data,No Data,4,4,0.00,No Data,0,0,No Data,0,0,No Data,0,0,0,No Data,No Data,No Data,No Data,No Data,No Data,No Data,No Data,No Data,No Data,No Data,No Data,0,0,0,No Data,No Data,No Data,No Data,No Data,No Data,No Data,No Data,No Data,No Data,No Data,No Data,0,0,0,No Data,No Data,No Data,0,0,No Data,No Data,No Data,0,0,No Data,No Data,No Data,No Data,No Data,No Data,No Data,No Data,No Data,No Data,No Data,No Data,No Data,No Data,-78.18,Baik Sekali,No Data,No Data,0.00,0.00,No Data,0.00,0.00,No Data,0.00,0.00,No Data,0,0,No Data,0,0,No Data,0,0,No Data,1928,0,0.00,0,0,No Data,,No Data,No Data,No Data,No Data,No Data,No Data,No Data,No Data,No Data,No Data,No Data,No Data,No Data,No Data,No Data,No Data,No Data,No Data,No Data,No Data,No Data,No Data,No Data,No Data,No Data,No Data,No Data,No Data,No Data,No Data,No Data,No Data,No Data,-5.342846,123.554651,0.012
103,74,Sulawesi Tenggara,7406,Bombana,DT,20260721 DT Kab. Bombana,-,-,DT Kab. Bombana,Reguler,Loka Kendari,21-Jul-2026,IOH,0,0,No Data,No Data,No Data,No Data,No Data,No Data,No Data,0,0,No Data,No Data,No Data,No Data,No Data,No Data,No Data,0,0,No Data,No Data,No Data,No Data,No Data,No Data,No Data,0,0,No Data,No Data,No Data,No Data,No Data,No Data,No Data,28,22,78.57,75.70,73.25,184.00,4.39,No Data,78.57,21.97,11.40,91.80,0.10,37.91,3,3,3,3,0,0,No Data,No Data,No Data,No Data,No Data,0,0,No Data,No Data,No Data,No Data,No Data,28,26,92.86,4.70,10.03,0.75,4.78,113.35,2,0,0,No Data,No Data,No Data,No Data,28,23,82.14,1.19,0.00,4.27,0.00,0.00,0.00,0.00,0.00,0.00,65.22,0.00,0.00,10,10,100.00,0.78,10.44,0.00,11,9,81.82,3.87,36.89,100.00,40,5,1,85.00,12.50,2.50,3.89,97.06,2.94,1.94,100.00,80,14,82.50,1.28,0,0,No Data,0,0,No Data,0,0,0,No Data,No Data,No Data,No Data,No Data,No Data,No Data,No Data,No Data,No Data,No Data,No Data,0,0,0,No Data,No Data,No Data,No Data,No Data,No Data,No Data,No Data,No Data,No Data,No Data,No Data,0,0,0,No Data,No Data,No Data,0,0,No Data,No Data,No Data,0,0,No Data,No Data,No Data,No Data,No Data,No Data,No Data,No Data,-97.39,Baik,-9.48,Baik Sekali,11.06,Cukup,-82.50,Baik Sekali,2.8,Baik,0.00,0.00,No Data,0.00,0.00,No Data,0.00,0.00,No Data,88877,22453,25.26,88877,3420,3.85,84054,29684,35.32,4630,203,4.38,5,2,40.00,,No Data,No Data,No Data,No Data,No Data,No Data,No Data,No Data,No Data,No Data,No Data,No Data,No Data,No Data,No Data,75.70,21.97,No Data,No Data,No Data,0.78,3.87,No Data,No Data,No Data,No Data,No Data,No Data,No Data,No Data,No Data,No Data,No Data,-4.599762,121.991695,175.348
104,74,Sulawesi Tenggara,7406,Bombana,DT,20260721 DT Kab. Bombana,-,-,DT Kab. Bombana,Reguler,Loka Kendari,21-Jul-2026,TSEL,0,0,No Data,No Data,No Data,No Data,No Data,No Data,No Data,0,0,No Data,No Data,No Data,No Data,No Data,No Data,No Data,0,0,No Data,No Data,No Data,No Data,No Data,No Data,No Data,0,0,No Data,No Data,No Data,No Data,No Data,No Data,No Data,53,43,81.13,142.95,121.00,335.00,15.10,No Data,81.13,25.20,20.30,81.70,0.24,58.05,1,1,2,2,0,0,No Data,No Data,No Data,No Data,No Data,0,0,No Data,No Data,No Data,No Data,No Data,54,48,88.89,5.29,12.63,0.51,2.48,37.17,1,0,0,No Data,No Data,No Data,No Data,53,48,90.57,1.55,0.00,4.26,0.00,0.00,0.00,0.00,0.00,0.00,100.00,0.00,0.00,22,22,100.00,0.67,15.10,22.73,20,20,100.00,4.45,32.66,100.00,53,11,3,73.58,20.75,5.66,3.79,100.00,0.00,1.35,100.00,110,17,84.55,1.61,0,0,No Data,0,0,No Data,0,0,0,No Data,No Data,No Data,No Data,No Data,No Data,No Data,No Data,No Data,No Data,No Data,No Data,0,0,0,No Data,No Data,No Data,No Data,No Data,No Data,No Data,No Data,No Data,No Data,No Data,No Data,0,0,0,No Data,No Data,No Data,0,0,No Data,No Data,No Data,0,0,No Data,No Data,No Data,No Data,No Data,No Data,No Data,No Data,-98.97,Baik,-10.43,Baik,9.15,Cukup,-95.94,Cukup,2.5,Baik,0.00,0.00,No Data,0.00,0.00,No Data,0.00,0.00,No Data,183999,59862,32.53,183999,9630,5.23,107748,50774,47.12,1282,223,17.39,91,27,29.67,,No Data,No Data,No Data,No Data,No Data,No Data,No Data,No Data,No Data,No Data,No Data,No Data,No Data,No Data,No Data,142.95,25.20,No Data,No Data,No Data,0.67,4.32,No Data,No Data,No Data,No Data,No Data,No Data,No Data,No Data,No Data,No Data,No Data,-4.599937,121.99167,170.865
105,74,Sulawesi Tenggara,7406,Bombana,DT,20260721 DT Kab. Bombana,-,-,DT Kab. Bombana,Reguler,Loka Kendari,21-Jul-2026,XLS,0,0,No Data,No Data,No Data,No Data,No Data,No Data,No Data,0,0,No Data,No Data,No Data,No Data,No Data,No Data,No Data,0,0,No Data,No Data,No Data,No Data,No Data,No Data,No Data,0,0,No Data,No Data,No Data,No Data,No Data,No Data,No Data,53,50,94.34,104.61,119.00,131.00,5.48,No Data,94.34,41.78,37.20,114.00,0.04,73.88,2,2,1,1,0,0,No Data,No Data,No Data,No Data,No Data,0,0,No Data,No Data,No Data,No Data,No Data,53,51,96.23,4.44,8.73,0.96,2.72,721.00,3,0,0,No Data,No Data,No Data,No Data,53,48,90.57,1.27,2.08,4.27,0.00,0.00,0.00,0.00,0.00,0.00,87.50,0.00,0.00,26,25,96.15,0.55,18.36,28.00,23,20,86.96,4.85,28.06,100.00,53,2,1,94.34,3.77,1.89,3.85,98.00,2.00,1.61,100.00,106,10,90.57,1.55,0,0,No Data,0,0,No Data,0,0,0,No Data,No Data,No Data,No Data,No Data,No Data,No Data,No Data,No Data,No Data,No Data,No Data,0,0,0,No Data,No Data,No Data,No Data,No Data,No Data,No Data,No Data,No Data,No Data,No Data,No Data,0,0,0,No Data,No Data,No Data,0,0,No Data,No Data,No Data,0,0,No Data,No Data,No Data,No Data,No Data,No Data,No Data,No Data,-96.49,Baik,-10.33,Baik,10.80,Cukup,-81.72,Baik Sekali,3.1,Baik,0.00,0.00,No Data,0.00,0.00,No Data,0.00,0.00,No Data,132557,35409,26.71,132557,8493,6.41,88974,31867,35.82,1844,54,2.93,7,3,42.86,,No Data,No Data,No Data,No Data,No Data,No Data,No Data,No Data,No Data,No Data,No Data,No Data,No Data,No Data,No Data,104.61,41.78,No Data,No Data,No Data,0.55,4.85,No Data,No Data,No Data,No Data,No Data,No Data,No Data,No Data,No Data,No Data,No Data,-4.600651,121.991644,175.296
106,74,Sulawesi Tenggara,7406,Bombana,ST,20260721 ST Koramil Poleang Kab. Bombana,-,-,ST Koramil Poleang Kab. Bombana,Reguler,Loka Kendari,21-Jul-2026,IOH,0,0,No Data,No Data,No Data,No Data,No Data,No Data,No Data,0,0,No Data,No Data,No Data,No Data,No Data,No Data,No Data,0,0,No Data,No Data,No Data,No Data,No Data,No Data,No Data,0,0,No Data,No Data,No Data,No Data,No Data,No Data,No Data,10,8,80.00,93.59,94.80,105.00,82.40,No Data,80.00,48.72,55.70,64.60,30.50,40.62,3,2,3,3,0,0,No Data,No Data,No Data,No Data,No Data,0,0,No Data,No Data,No Data,No Data,No Data,10,10,100.00,4.61,5.98,3.81,1.97,82.20,3,0,0,No Data,No Data,No Data,No Data,10,10,100.00,1.07,0.00,4.29,0.00,0.00,0.00,0.00,0.00,0.00,80.00,0.00,0.00,5,5,100.00,0.84,9.71,0.00,5,5,100.00,5.71,22.65,100.00,8,0,0,100.00,0.00,0.00,4.04,100.00,0.00,1.47,100.00,20,0,100.00,1.02,0,0,No Data,0,0,No Data,0,0,0,No Data,No Data,No Data,No Data,No Data,No Data,No Data,No Data,No Data,No Data,No Data,No Data,0,0,0,No Data,No Data,No Data,No Data,No Data,No Data,No Data,No Data,No Data,No Data,No Data,No Data,0,0,0,No Data,No Data,No Data,0,0,No Data,No Data,No Data,0,0,No Data,No Data,No Data,No Data,No Data,No Data,No Data,No Data,-86.48,Baik Sekali,-10.88,Baik,5.05,Kurang,No Data,No Data,No Data,No Data,0.00,0.00,No Data,0.00,0.00,No Data,0.00,0.00,No Data,19977,0,0.00,19977,307,1.54,19289,14066,72.92,0,0,No Data,0,0,No Data,,No Data,No Data,No Data,No Data,No Data,No Data,No Data,No Data,No Data,No Data,No Data,No Data,No Data,No Data,No Data,93.59,48.72,No Data,No Data,No Data,0.84,5.71,No Data,No Data,No Data,No Data,No Data,No Data,No Data,No Data,No Data,No Data,No Data,-4.780661,121.583421,0
107,74,Sulawesi Tenggara,7406,Bombana,ST,20260721 ST Koramil Poleang Kab. Bombana,-,-,ST Koramil Poleang Kab. Bombana,Reguler,Loka Kendari,21-Jul-2026,TSEL,0,0,No Data,No Data,No Data,No Data,No Data,No Data,No Data,0,0,No Data,No Data,No Data,No Data,No Data,No Data,No Data,0,0,No Data,No Data,No Data,No Data,No Data,No Data,No Data,0,0,No Data,No Data,No Data,No Data,No Data,No Data,No Data,12,11,91.67,94.57,93.70,108.00,78.10,No Data,91.67,71.62,74.60,78.10,54.90,34.73,2,3,2,2,0,0,No Data,No Data,No Data,No Data,No Data,0,0,No Data,No Data,No Data,No Data,No Data,12,12,100.00,5.66,7.08,3.66,1.50,26.92,1,0,0,No Data,No Data,No Data,No Data,12,12,100.00,0.87,0.00,4.30,0.00,0.00,0.00,0.00,0.00,0.00,100.00,0.00,0.00,5,4,80.00,0.75,10.60,0.00,5,5,100.00,5.39,24.01,100.00,11,0,0,100.00,0.00,0.00,3.98,100.00,0.00,1.32,100.00,24,0,100.00,1.07,0,0,No Data,0,0,No Data,0,0,0,No Data,No Data,No Data,No Data,No Data,No Data,No Data,No Data,No Data,No Data,No Data,No Data,0,0,0,No Data,No Data,No Data,No Data,No Data,No Data,No Data,No Data,No Data,No Data,No Data,No Data,0,0,0,No Data,No Data,No Data,0,0,No Data,No Data,No Data,0,0,No Data,No Data,No Data,No Data,No Data,No Data,No Data,No Data,-85.99,Baik Sekali,-13.16,Cukup,1.62,Kurang,No Data,No Data,No Data,No Data,0.00,0.00,No Data,0.00,0.00,No Data,0.00,0.00,No Data,25340,0,0.00,25340,2685,10.60,19930,19480,97.74,0,0,No Data,0,0,No Data,,No Data,No Data,No Data,No Data,No Data,No Data,No Data,No Data,No Data,No Data,No Data,No Data,No Data,No Data,No Data,94.57,71.62,No Data,No Data,No Data,0.75,5.39,No Data,No Data,No Data,No Data,No Data,No Data,No Data,No Data,No Data,No Data,No Data,-4.780641,121.583434,0.002
108,74,Sulawesi Tenggara,7406,Bombana,ST,20260721 ST Koramil Poleang Kab. Bombana,-,-,ST Koramil Poleang Kab. Bombana,Reguler,Loka Kendari,21-Jul-2026,XLS,0,0,No Data,No Data,No Data,No Data,No Data,No Data,No Data,0,0,No Data,No Data,No Data,No Data,No Data,No Data,No Data,0,0,No Data,No Data,No Data,No Data,No Data,No Data,No Data,0,0,No Data,No Data,No Data,No Data,No Data,No Data,No Data,11,9,81.82,120.00,120.00,125.00,117.00,No Data,81.82,114.56,115.00,127.00,101.00,62.89,1,1,1,1,0,0,No Data,No Data,No Data,No Data,No Data,0,0,No Data,No Data,No Data,No Data,No Data,11,11,100.00,5.03,10.03,3.65,1.99,89.91,2,0,0,No Data,No Data,No Data,No Data,11,11,100.00,0.93,0.00,4.24,0.00,0.00,0.00,0.00,0.00,0.00,90.91,0.00,0.00,5,5,100.00,0.68,11.96,0.00,4,4,100.00,7.05,19.84,75.00,11,0,0,100.00,0.00,0.00,3.96,100.00,0.00,1.57,100.00,22,0,100.00,1.13,0,0,No Data,0,0,No Data,0,0,0,No Data,No Data,No Data,No Data,No Data,No Data,No Data,No Data,No Data,No Data,No Data,No Data,0,0,0,No Data,No Data,No Data,No Data,No Data,No Data,No Data,No Data,No Data,No Data,No Data,No Data,0,0,0,No Data,No Data,No Data,0,0,No Data,No Data,No Data,0,0,No Data,No Data,No Data,No Data,No Data,No Data,No Data,No Data,-80.31,Baik Sekali,-10.35,Baik,14.18,Cukup,No Data,No Data,No Data,No Data,0.00,0.00,No Data,0.00,0.00,No Data,0.00,0.00,No Data,35452,0,0.00,35452,769,2.17,27053,2617,9.67,0,0,No Data,0,0,No Data,,No Data,No Data,No Data,No Data,No Data,No Data,No Data,No Data,No Data,No Data,No Data,No Data,No Data,No Data,No Data,120.00,114.56,No Data,No Data,No Data,0.68,7.05,No Data,No Data,No Data,No Data,No Data,No Data,No Data,No Data,No Data,No Data,No Data,-4.780653,121.583428,0.005
109,74,Sulawesi Tenggara,7406,Bombana,ST,20260722 ST Kantor Bupati Bombana Kab. Bombana,-,-,ST Kantor Bupati Bombana Kab. Bombana,Reguler,Loka Kendari,22-Jul-2026,IOH,0,0,No Data,No Data,No Data,No Data,No Data,No Data,No Data,0,0,No Data,No Data,No Data,No Data,No Data,No Data,No Data,0,0,No Data,No Data,No Data,No Data,No Data,No Data,No Data,0,0,No Data,No Data,No Data,No Data,No Data,No Data,No Data,10,8,80.00,254.62,258.50,279.00,218.00,No Data,80.00,84.65,85.90,119.00,60.70,41.00,1,1,2,2,0,0,No Data,No Data,No Data,No Data,No Data,0,0,No Data,No Data,No Data,No Data,No Data,10,10,100.00,5.18,6.96,4.16,1.96,85.70,2,0,0,No Data,No Data,No Data,No Data,10,10,100.00,0.79,0.00,4.25,0.00,0.00,0.00,0.00,0.00,0.00,90.00,0.00,0.00,5,5,100.00,0.88,9.76,0.00,5,4,80.00,5.60,23.10,100.00,10,1,0,90.00,10.00,0.00,4.09,100.00,0.00,1.46,100.00,20,0,100.00,0.99,0,0,No Data,0,0,No Data,0,0,0,No Data,No Data,No Data,No Data,No Data,No Data,No Data,No Data,No Data,No Data,No Data,No Data,0,0,0,No Data,No Data,No Data,No Data,No Data,No Data,No Data,No Data,No Data,No Data,No Data,No Data,0,0,0,No Data,No Data,No Data,0,0,No Data,No Data,No Data,0,0,No Data,No Data,No Data,No Data,No Data,No Data,No Data,No Data,-85.36,Baik Sekali,-7.70,Baik Sekali,24.23,Baik Sekali,No Data,No Data,No Data,No Data,0.00,0.00,No Data,0.00,0.00,No Data,0.00,0.00,No Data,26555,1,0.00,26555,350,1.32,25874,3,0.01,0,0,No Data,0,0,No Data,,No Data,No Data,No Data,No Data,No Data,No Data,No Data,No Data,No Data,No Data,No Data,No Data,No Data,No Data,No Data,254.62,84.65,No Data,No Data,No Data,0.88,5.60,No Data,No Data,No Data,No Data,No Data,No Data,No Data,No Data,No Data,No Data,No Data,-4.746799,122.011405,0.094
110,74,Sulawesi Tenggara,7406,Bombana,ST,20260722 ST Kantor Bupati Bombana Kab. Bombana,-,-,ST Kantor Bupati Bombana Kab. Bombana,Reguler,Loka Kendari,22-Jul-2026,TSEL,0,0,No Data,No Data,No Data,No Data,No Data,No Data,No Data,0,0,No Data,No Data,No Data,No Data,No Data,No Data,No Data,0,0,No Data,No Data,No Data,No Data,No Data,No Data,No Data,0,0,No Data,No Data,No Data,No Data,No Data,No Data,No Data,12,10,83.33,90.72,93.00,99.40,64.50,No Data,83.33,40.42,40.90,48.10,30.00,30.44,3,3,3,3,0,0,No Data,No Data,No Data,No Data,No Data,0,0,No Data,No Data,No Data,No Data,No Data,11,11,100.00,5.39,6.89,4.28,1.59,25.09,1,0,0,No Data,No Data,No Data,No Data,12,12,100.00,0.97,0.00,4.20,0.00,0.00,0.00,0.00,0.00,0.00,100.00,0.00,0.00,5,5,100.00,0.83,9.71,0.00,5,5,100.00,4.84,27.00,100.00,13,2,3,61.54,15.38,23.08,3.98,100.00,0.00,1.44,100.00,22,0,100.00,1.10,0,0,No Data,0,0,No Data,0,0,0,No Data,No Data,No Data,No Data,No Data,No Data,No Data,No Data,No Data,No Data,No Data,No Data,0,0,0,No Data,No Data,No Data,No Data,No Data,No Data,No Data,No Data,No Data,No Data,No Data,No Data,0,0,0,No Data,No Data,No Data,0,0,No Data,No Data,No Data,0,0,No Data,No Data,No Data,No Data,No Data,No Data,No Data,No Data,-84.29,Baik Sekali,-10.89,Baik,19.75,Baik,No Data,No Data,No Data,No Data,0.00,0.00,No Data,0.00,0.00,No Data,0.00,0.00,No Data,13977,0,0.00,13977,33,0.24,12799,1,0.01,0,0,No Data,0,0,No Data,,No Data,No Data,No Data,No Data,No Data,No Data,No Data,No Data,No Data,No Data,No Data,No Data,No Data,No Data,No Data,90.72,40.42,No Data,No Data,No Data,0.83,4.84,No Data,No Data,No Data,No Data,No Data,No Data,No Data,No Data,No Data,No Data,No Data,-4.746829,122.011436,0.084
111,74,Sulawesi Tenggara,7406,Bombana,ST,20260722 ST Kantor Bupati Bombana Kab. Bombana,-,-,ST Kantor Bupati Bombana Kab. Bombana,Reguler,Loka Kendari,22-Jul-2026,XLS,0,0,No Data,No Data,No Data,No Data,No Data,No Data,No Data,0,0,No Data,No Data,No Data,No Data,No Data,No Data,No Data,0,0,No Data,No Data,No Data,No Data,No Data,No Data,No Data,0,0,No Data,No Data,No Data,No Data,No Data,No Data,No Data,11,9,81.82,124.67,125.00,126.00,122.00,No Data,81.82,100.24,101.00,120.00,71.20,76.67,2,2,1,1,0,0,No Data,No Data,No Data,No Data,No Data,0,0,No Data,No Data,No Data,No Data,No Data,11,11,100.00,4.64,6.99,3.74,2.10,110.09,3,0,0,No Data,No Data,No Data,No Data,11,11,100.00,0.95,0.00,4.18,0.00,0.00,0.00,0.00,0.00,0.00,90.91,0.00,0.00,5,5,100.00,0.74,10.92,0.00,5,5,100.00,5.36,24.13,100.00,14,2,2,71.43,14.29,14.29,3.93,100.00,0.00,1.54,100.00,22,0,100.00,1.17,0,0,No Data,0,0,No Data,0,0,0,No Data,No Data,No Data,No Data,No Data,No Data,No Data,No Data,No Data,No Data,No Data,No Data,0,0,0,No Data,No Data,No Data,No Data,No Data,No Data,No Data,No Data,No Data,No Data,No Data,No Data,0,0,0,No Data,No Data,No Data,0,0,No Data,No Data,No Data,0,0,No Data,No Data,No Data,No Data,No Data,No Data,No Data,No Data,-82.52,Baik Sekali,-8.01,Baik Sekali,19.58,Baik,No Data,No Data,No Data,No Data,0.00,0.00,No Data,0.00,0.00,No Data,0.00,0.00,No Data,27228,0,0.00,27228,128,0.47,18704,2,0.01,0,0,No Data,0,0,No Data,,No Data,No Data,No Data,No Data,No Data,No Data,No Data,No Data,No Data,No Data,No Data,No Data,No Data,No Data,No Data,124.67,100.24,No Data,No Data,No Data,0.74,5.36,No Data,No Data,No Data,No Data,No Data,No Data,No Data,No Data,No Data,No Data,No Data,-4.746802,122.011434,0.09
112,74,Sulawesi Tenggara,7406,Bombana,ST,20260722 ST Puskesmas Rumbia Tengah Kab. Bombana,-,-,ST Puskesmas Rumbia Tengah Kab. Bombana,Reguler,Loka Kendari,22-Jul-2026,IOH,0,0,No Data,No Data,No Data,No Data,No Data,No Data,No Data,0,0,No Data,No Data,No Data,No Data,No Data,No Data,No Data,0,0,No Data,No Data,No Data,No Data,No Data,No Data,No Data,0,0,No Data,No Data,No Data,No Data,No Data,No Data,No Data,11,11,100.00,169.91,171.00,198.00,154.00,No Data,100.00,111.91,112.00,124.00,101.00,42.00,1,1,2,2,0,0,No Data,No Data,No Data,No Data,No Data,0,0,No Data,No Data,No Data,No Data,No Data,11,11,100.00,5.34,9.03,4.41,1.93,83.18,1,0,0,No Data,No Data,No Data,No Data,11,11,100.00,0.91,0.00,4.23,0.00,0.00,0.00,0.00,0.00,0.00,90.91,0.00,0.00,5,5,100.00,0.89,9.04,0.00,5,5,100.00,4.73,27.88,100.00,14,2,2,71.43,14.29,14.29,4.06,100.00,0.00,1.53,100.00,22,0,100.00,1.06,0,0,No Data,0,0,No Data,0,0,0,No Data,No Data,No Data,No Data,No Data,No Data,No Data,No Data,No Data,No Data,No Data,No Data,0,0,0,No Data,No Data,No Data,No Data,No Data,No Data,No Data,No Data,No Data,No Data,No Data,No Data,0,0,0,No Data,No Data,No Data,0,0,No Data,No Data,No Data,0,0,No Data,No Data,No Data,No Data,No Data,No Data,No Data,No Data,-79.43,Baik Sekali,-9.82,Baik Sekali,17.64,Baik,No Data,No Data,No Data,No Data,0.00,0.00,No Data,0.00,0.00,No Data,0.00,0.00,No Data,26644,0,0.00,26644,712,2.67,26089,827,3.17,0,0,No Data,0,0,No Data,,No Data,No Data,No Data,No Data,No Data,No Data,No Data,No Data,No Data,No Data,No Data,No Data,No Data,No Data,No Data,169.91,111.91,No Data,No Data,No Data,0.89,4.73,No Data,No Data,No Data,No Data,No Data,No Data,No Data,No Data,No Data,No Data,No Data,-4.778196,122.064222,0
113,74,Sulawesi Tenggara,7406,Bombana,ST,20260722 ST Puskesmas Rumbia Tengah Kab. Bombana,-,-,ST Puskesmas Rumbia Tengah Kab. Bombana,Reguler,Loka Kendari,22-Jul-2026,TSEL,0,0,No Data,No Data,No Data,No Data,No Data,No Data,No Data,0,0,No Data,No Data,No Data,No Data,No Data,No Data,No Data,0,0,No Data,No Data,No Data,No Data,No Data,No Data,No Data,0,0,No Data,No Data,No Data,No Data,No Data,No Data,No Data,12,11,91.67,145.09,152.00,168.00,104.00,No Data,91.67,19.72,19.50,30.00,13.20,29.55,2,2,3,3,0,0,No Data,No Data,No Data,No Data,No Data,0,0,No Data,No Data,No Data,No Data,No Data,12,12,100.00,5.12,6.91,4.19,1.66,27.00,2,0,0,No Data,No Data,No Data,No Data,12,12,100.00,0.68,0.00,4.29,0.00,0.00,0.00,0.00,0.00,0.00,100.00,0.00,0.00,5,5,100.00,0.81,9.92,0.00,5,5,100.00,4.12,31.72,100.00,11,0,0,100.00,0.00,0.00,3.99,100.00,0.00,1.44,100.00,23,0,100.00,1.24,0,0,No Data,0,0,No Data,0,0,0,No Data,No Data,No Data,No Data,No Data,No Data,No Data,No Data,No Data,No Data,No Data,No Data,0,0,0,No Data,No Data,No Data,No Data,No Data,No Data,No Data,No Data,No Data,No Data,No Data,No Data,0,0,0,No Data,No Data,No Data,0,0,No Data,No Data,No Data,0,0,No Data,No Data,No Data,No Data,No Data,No Data,No Data,No Data,-100.32,Baik,-13.11,Cukup,2.40,Kurang,No Data,No Data,No Data,No Data,0.00,0.00,No Data,0.00,0.00,No Data,0.00,0.00,No Data,44660,4346,9.73,44660,2187,4.90,22805,20621,90.42,0,0,No Data,0,0,No Data,,No Data,No Data,No Data,No Data,No Data,No Data,No Data,No Data,No Data,No Data,No Data,No Data,No Data,No Data,No Data,145.09,19.72,No Data,No Data,No Data,0.81,4.12,No Data,No Data,No Data,No Data,No Data,No Data,No Data,No Data,No Data,No Data,No Data,-4.778198,122.06421,0
114,74,Sulawesi Tenggara,7406,Bombana,ST,20260722 ST Puskesmas Rumbia Tengah Kab. Bombana,-,-,ST Puskesmas Rumbia Tengah Kab. Bombana,Reguler,Loka Kendari,22-Jul-2026,XLS,0,0,No Data,No Data,No Data,No Data,No Data,No Data,No Data,0,0,No Data,No Data,No Data,No Data,No Data,No Data,No Data,0,0,No Data,No Data,No Data,No Data,No Data,No Data,No Data,0,0,No Data,No Data,No Data,No Data,No Data,No Data,No Data,12,12,100.00,115.83,115.50,122.00,109.00,No Data,100.00,115.42,117.00,126.00,86.00,67.00,3,3,1,1,0,0,No Data,No Data,No Data,No Data,No Data,0,0,No Data,No Data,No Data,No Data,No Data,12,12,100.00,4.76,6.18,3.79,2.12,100.75,3,0,0,No Data,No Data,No Data,No Data,12,12,100.00,0.92,0.00,4.26,0.00,0.00,0.00,0.00,0.00,0.00,91.67,0.00,0.00,5,5,100.00,0.61,16.73,20.00,5,5,100.00,5.66,23.24,100.00,11,0,1,90.91,0.00,9.09,3.97,100.00,0.00,1.51,100.00,24,0,100.00,1.38,0,0,No Data,0,0,No Data,0,0,0,No Data,No Data,No Data,No Data,No Data,No Data,No Data,No Data,No Data,No Data,No Data,No Data,0,0,0,No Data,No Data,No Data,No Data,No Data,No Data,No Data,No Data,No Data,No Data,No Data,No Data,0,0,0,No Data,No Data,No Data,0,0,No Data,No Data,No Data,0,0,No Data,No Data,No Data,No Data,No Data,No Data,No Data,No Data,-78.15,Baik Sekali,-8.66,Baik Sekali,19.66,Baik,No Data,No Data,No Data,No Data,0.00,0.00,No Data,0.00,0.00,No Data,0.00,0.00,No Data,35343,0,0.00,35343,342,0.97,19570,10,0.05,0,0,No Data,0,0,No Data,,No Data,No Data,No Data,No Data,No Data,No Data,No Data,No Data,No Data,No Data,No Data,No Data,No Data,No Data,No Data,115.83,115.42,No Data,No Data,No Data,0.61,5.66,No Data,No Data,No Data,No Data,No Data,No Data,No Data,No Data,No Data,No Data,No Data,-4.778201,122.064202,0
115,74,Sulawesi Tenggara,7406,Bombana,ST,20260722 ST SMAN 3 Bombana Kab. Bombana,-,-,ST SMAN 3 Bombana Kab. Bombana,Reguler,Loka Kendari,22-Jul-2026,IOH,0,0,No Data,No Data,No Data,No Data,No Data,No Data,No Data,0,0,No Data,No Data,No Data,No Data,No Data,No Data,No Data,0,0,No Data,No Data,No Data,No Data,No Data,No Data,No Data,0,0,No Data,No Data,No Data,No Data,No Data,No Data,No Data,11,10,90.91,39.14,40.75,45.00,24.40,No Data,90.91,9.94,9.79,15.10,5.98,40.90,3,3,3,3,0,0,No Data,No Data,No Data,No Data,No Data,0,0,No Data,No Data,No Data,No Data,No Data,11,11,100.00,5.16,9.11,4.07,1.85,100.18,1,0,0,No Data,No Data,No Data,No Data,11,11,100.00,1.10,0.00,4.28,0.00,0.00,0.00,0.00,0.00,0.00,81.82,0.00,0.00,5,5,100.00,0.66,12.19,0.00,5,5,100.00,3.11,42.99,100.00,12,1,1,83.33,8.33,8.33,4.06,100.00,0.00,1.63,100.00,22,1,95.45,1.29,0,0,No Data,0,0,No Data,0,0,0,No Data,No Data,No Data,No Data,No Data,No Data,No Data,No Data,No Data,No Data,No Data,No Data,0,0,0,No Data,No Data,No Data,No Data,No Data,No Data,No Data,No Data,No Data,No Data,No Data,No Data,0,0,0,No Data,No Data,No Data,0,0,No Data,No Data,No Data,0,0,No Data,No Data,No Data,No Data,No Data,No Data,No Data,No Data,-100.95,Baik,-9.45,Baik Sekali,8.04,Cukup,No Data,No Data,No Data,No Data,0.00,0.00,No Data,0.00,0.00,No Data,0.00,0.00,No Data,26496,5801,21.89,26496,178,0.67,26365,12015,45.57,0,0,No Data,0,0,No Data,,No Data,No Data,No Data,No Data,No Data,No Data,No Data,No Data,No Data,No Data,No Data,No Data,No Data,No Data,No Data,39.14,9.94,No Data,No Data,No Data,0.66,3.11,No Data,No Data,No Data,No Data,No Data,No Data,No Data,No Data,No Data,No Data,No Data,-4.772071,122.043877,0.001
116,74,Sulawesi Tenggara,7406,Bombana,ST,20260722 ST SMAN 3 Bombana Kab. Bombana,-,-,ST SMAN 3 Bombana Kab. Bombana,Reguler,Loka Kendari,22-Jul-2026,TSEL,0,0,No Data,No Data,No Data,No Data,No Data,No Data,No Data,0,0,No Data,No Data,No Data,No Data,No Data,No Data,No Data,0,0,No Data,No Data,No Data,No Data,No Data,No Data,No Data,0,0,No Data,No Data,No Data,No Data,No Data,No Data,No Data,12,11,91.67,115.42,119.50,138.00,78.80,No Data,91.67,22.33,25.65,30.60,0.94,29.90,2,2,2,2,0,0,No Data,No Data,No Data,No Data,No Data,0,0,No Data,No Data,No Data,No Data,No Data,11,11,100.00,4.81,6.38,4.24,1.83,27.00,3,0,0,No Data,No Data,No Data,No Data,12,12,100.00,0.80,0.00,4.26,0.00,0.00,0.00,0.00,0.00,0.00,100.00,0.00,0.00,5,5,100.00,0.69,11.56,0.00,5,5,100.00,4.37,29.67,100.00,11,0,0,100.00,0.00,0.00,3.94,100.00,0.00,1.44,100.00,22,1,95.45,1.13,0,0,No Data,0,0,No Data,0,0,0,No Data,No Data,No Data,No Data,No Data,No Data,No Data,No Data,No Data,No Data,No Data,No Data,0,0,0,No Data,No Data,No Data,No Data,No Data,No Data,No Data,No Data,No Data,No Data,No Data,No Data,0,0,0,No Data,No Data,No Data,0,0,No Data,No Data,No Data,0,0,No Data,No Data,No Data,No Data,No Data,No Data,No Data,No Data,-94.00,Baik,-10.56,Baik,6.14,Kurang,No Data,No Data,No Data,No Data,0.00,0.00,No Data,0.00,0.00,No Data,0.00,0.00,No Data,43560,999,2.29,43560,257,0.59,25522,18316,71.77,0,0,No Data,0,0,No Data,,No Data,No Data,No Data,No Data,No Data,No Data,No Data,No Data,No Data,No Data,No Data,No Data,No Data,No Data,No Data,115.42,22.33,No Data,No Data,No Data,0.69,4.37,No Data,No Data,No Data,No Data,No Data,No Data,No Data,No Data,No Data,No Data,No Data,-4.772076,122.043864,0
117,74,Sulawesi Tenggara,7406,Bombana,ST,20260722 ST SMAN 3 Bombana Kab. Bombana,-,-,ST SMAN 3 Bombana Kab. Bombana,Reguler,Loka Kendari,22-Jul-2026,XLS,0,0,No Data,No Data,No Data,No Data,No Data,No Data,No Data,0,0,No Data,No Data,No Data,No Data,No Data,No Data,No Data,0,0,No Data,No Data,No Data,No Data,No Data,No Data,No Data,0,0,No Data,No Data,No Data,No Data,No Data,No Data,No Data,12,11,91.67,123.73,124.00,127.00,120.00,No Data,91.67,95.07,98.40,116.00,53.70,65.09,1,1,1,1,0,0,No Data,No Data,No Data,No Data,No Data,0,0,No Data,No Data,No Data,No Data,No Data,12,11,91.67,4.91,9.16,3.65,2.03,97.27,2,0,0,No Data,No Data,No Data,No Data,12,12,100.00,0.82,0.00,4.27,0.00,0.00,0.00,0.00,0.00,0.00,91.67,0.00,0.00,5,5,100.00,0.73,10.98,0.00,5,5,100.00,5.75,22.43,100.00,11,0,0,100.00,0.00,0.00,3.99,100.00,0.00,2.05,100.00,24,1,95.83,1.70,0,0,No Data,0,0,No Data,0,0,0,No Data,No Data,No Data,No Data,No Data,No Data,No Data,No Data,No Data,No Data,No Data,No Data,0,0,0,No Data,No Data,No Data,No Data,No Data,No Data,No Data,No Data,No Data,No Data,No Data,No Data,0,0,0,No Data,No Data,No Data,0,0,No Data,No Data,No Data,0,0,No Data,No Data,No Data,No Data,No Data,No Data,No Data,No Data,-84.46,Baik Sekali,-8.00,Baik Sekali,15.23,Baik,No Data,No Data,No Data,No Data,0.00,0.00,No Data,0.00,0.00,No Data,0.00,0.00,No Data,27665,0,0.00,27665,105,0.38,18401,164,0.89,0,0,No Data,0,0,No Data,,No Data,No Data,No Data,No Data,No Data,No Data,No Data,No Data,No Data,No Data,No Data,No Data,No Data,No Data,No Data,123.73,95.07,No Data,No Data,No Data,0.73,5.75,No Data,No Data,No Data,No Data,No Data,No Data,No Data,No Data,No Data,No Data,No Data,-4.772081,122.04387,0.003
118,74,Sulawesi Tenggara,7415,Buton Selatan,DT,20260818 DT Kab. Buton Selatan,-,-,DT Kab. Buton Selatan,Reguler,Loka Kendari,18-Aug-2026,IOH,0,0,No Data,No Data,No Data,No Data,No Data,No Data,No Data,0,0,No Data,No Data,No Data,No Data,No Data,No Data,No Data,0,0,No Data,No Data,No Data,No Data,No Data,No Data,No Data,0,0,No Data,No Data,No Data,No Data,No Data,No Data,No Data,52,47,90.38,139.96,137.00,264.00,18.60,No Data,90.38,34.29,39.30,83.50,0.32,44.47,2,2,1,1,0,0,No Data,No Data,No Data,No Data,No Data,0,0,No Data,No Data,No Data,No Data,No Data,52,49,94.23,5.12,9.40,2.53,2.29,94.18,3,0,0,No Data,No Data,No Data,No Data,52,50,96.15,1.28,0.00,4.27,0.00,0.00,0.00,0.00,0.00,0.00,74.00,0.00,0.00,21,21,100.00,0.65,17.03,23.81,14,13,92.86,4.81,27.30,100.00,50,0,1,98.00,0.00,2.00,3.97,100.00,0.00,1.75,100.00,104,7,93.27,1.39,0,0,No Data,0,0,No Data,0,0,0,No Data,No Data,No Data,No Data,No Data,No Data,No Data,No Data,No Data,No Data,No Data,No Data,0,0,0,No Data,No Data,No Data,No Data,No Data,No Data,No Data,No Data,No Data,No Data,No Data,No Data,0,0,0,No Data,No Data,No Data,0,0,No Data,No Data,No Data,0,0,No Data,No Data,No Data,No Data,No Data,No Data,No Data,No Data,-94.10,Baik,-8.10,Baik Sekali,15.76,Baik,-82.74,Baik Sekali,4.7,Cukup,0.00,0.00,No Data,0.00,0.00,No Data,0.00,0.00,No Data,116783,20606,17.64,116783,779,0.67,110769,20494,18.50,16,2,12.50,6,4,66.67,,No Data,No Data,No Data,No Data,No Data,No Data,No Data,No Data,No Data,No Data,No Data,No Data,No Data,No Data,No Data,139.96,34.29,No Data,No Data,No Data,0.65,4.81,No Data,No Data,No Data,No Data,No Data,No Data,No Data,No Data,No Data,No Data,No Data,-5.505893,122.74948,89.013
119,74,Sulawesi Tenggara,7415,Buton Selatan,DT,20260818 DT Kab. Buton Selatan,-,-,DT Kab. Buton Selatan,Reguler,Loka Kendari,18-Aug-2026,TSEL,0,0,No Data,No Data,No Data,No Data,No Data,No Data,No Data,0,0,No Data,No Data,No Data,No Data,No Data,No Data,No Data,0,0,No Data,No Data,No Data,No Data,No Data,No Data,No Data,0,0,No Data,No Data,No Data,No Data,No Data,No Data,No Data,58,55,94.83,151.59,147.50,343.00,2.22,No Data,94.83,24.11,19.00,96.90,0.01,82.00,1,1,2,2,0,0,No Data,No Data,No Data,No Data,No Data,0,0,No Data,No Data,No Data,No Data,No Data,57,55,96.49,5.29,8.33,0.34,2.72,58.75,2,0,0,No Data,No Data,No Data,No Data,58,50,86.21,1.07,0.00,4.24,0.00,0.00,0.00,0.00,2.00,2.00,96.00,0.00,0.00,24,23,95.83,0.68,14.77,21.74,20,20,100.00,4.34,32.61,100.00,58,1,2,94.83,1.72,3.45,4.13,100.00,0.00,1.40,100.00,114,9,92.11,1.27,0,0,No Data,0,0,No Data,0,0,0,No Data,No Data,No Data,No Data,No Data,No Data,No Data,No Data,No Data,No Data,No Data,No Data,0,0,0,No Data,No Data,No Data,No Data,No Data,No Data,No Data,No Data,No Data,No Data,No Data,No Data,0,0,0,No Data,No Data,No Data,0,0,No Data,No Data,No Data,0,0,No Data,No Data,No Data,No Data,No Data,No Data,No Data,No Data,-98.30,Baik,-9.76,Baik Sekali,12.39,Cukup,-93.01,Cukup,1.7,Baik Sekali,0.00,0.00,No Data,0.00,0.00,No Data,0.00,0.00,No Data,185052,51640,27.91,185052,7285,3.94,113692,40809,35.89,327,41,12.54,20,4,20.00,,No Data,No Data,No Data,No Data,No Data,No Data,No Data,No Data,No Data,No Data,No Data,No Data,No Data,No Data,No Data,151.59,24.11,No Data,No Data,No Data,0.68,4.34,No Data,No Data,No Data,No Data,No Data,No Data,No Data,No Data,No Data,No Data,No Data,-5.506314,122.749301,94.822
120,74,Sulawesi Tenggara,7415,Buton Selatan,DT,20260818 DT Kab. Buton Selatan,-,-,DT Kab. Buton Selatan,Reguler,Loka Kendari,18-Aug-2026,XLS,0,0,No Data,No Data,No Data,No Data,No Data,No Data,No Data,0,0,No Data,No Data,No Data,No Data,No Data,No Data,No Data,0,0,No Data,No Data,No Data,No Data,No Data,No Data,No Data,0,0,No Data,No Data,No Data,No Data,No Data,No Data,No Data,5,2,40.00,60.90,60.90,114.00,7.80,No Data,40.00,4.15,4.15,8.07,0.23,64.00,3,3,3,3,0,0,No Data,No Data,No Data,No Data,No Data,0,0,No Data,No Data,No Data,No Data,No Data,4,2,50.00,5.36,9.16,1.57,3.85,107.00,1,0,0,No Data,No Data,No Data,No Data,4,1,25.00,1.60,0.00,4.29,0.00,0.00,0.00,0.00,0.00,0.00,100.00,0.00,0.00,1,1,100.00,0.52,15.35,100.00,1,1,100.00,1.99,64.79,100.00,9,1,1,77.78,11.11,11.11,3.71,100.00,0.00,2.56,100.00,24,16,33.33,1.63,0,0,No Data,0,0,No Data,0,0,0,No Data,No Data,No Data,No Data,No Data,No Data,No Data,No Data,No Data,No Data,No Data,No Data,0,0,0,No Data,No Data,No Data,No Data,No Data,No Data,No Data,No Data,No Data,No Data,No Data,No Data,0,0,0,No Data,No Data,No Data,0,0,No Data,No Data,No Data,0,0,No Data,No Data,No Data,No Data,No Data,No Data,No Data,No Data,-113.97,Kurang,-9.88,Baik Sekali,3.45,Kurang,-76.26,Baik Sekali,1.5,Baik Sekali,0.00,0.00,No Data,0.00,0.00,No Data,0.00,0.00,No Data,28894,25732,89.06,28894,1724,5.97,16572,11411,68.86,14912,178,1.19,11,1,9.09,,No Data,No Data,No Data,No Data,No Data,No Data,No Data,No Data,No Data,No Data,No Data,No Data,No Data,No Data,No Data,60.90,4.15,No Data,No Data,No Data,0.52,1.99,No Data,No Data,No Data,No Data,No Data,No Data,No Data,No Data,No Data,No Data,No Data,-5.518737,122.746837,95.087
121,74,Sulawesi Tenggara,7415,Buton Selatan,ST,20260818 ST SDN 1 Lawale Kab. Buton Selatan,-,-,ST SDN 1 Lawale Kab. Buton Selatan,Reguler,Loka Kendari,18-Aug-2026,IOH,0,0,No Data,No Data,No Data,No Data,No Data,No Data,No Data,0,0,No Data,No Data,No Data,No Data,No Data,No Data,No Data,0,0,No Data,No Data,No Data,No Data,No Data,No Data,No Data,0,0,No Data,No Data,No Data,No Data,No Data,No Data,No Data,22,22,100.00,194.55,196.00,227.00,142.00,No Data,100.00,66.01,68.30,78.20,50.20,36.68,2,2,1,1,0,0,No Data,No Data,No Data,No Data,No Data,0,0,No Data,No Data,No Data,No Data,No Data,22,22,100.00,4.93,6.00,3.58,2.16,80.36,2,0,0,No Data,No Data,No Data,No Data,22,22,100.00,1.04,0.00,4.28,0.00,0.00,0.00,0.00,0.00,0.00,86.36,0.00,0.00,10,10,100.00,0.80,10.11,0.00,8,8,100.00,4.66,27.88,100.00,22,0,0,100.00,0.00,0.00,3.98,100.00,0.00,1.60,100.00,44,2,95.45,1.38,0,0,No Data,0,0,No Data,0,0,0,No Data,No Data,No Data,No Data,No Data,No Data,No Data,No Data,No Data,No Data,No Data,No Data,0,0,0,No Data,No Data,No Data,No Data,No Data,No Data,No Data,No Data,No Data,No Data,No Data,No Data,0,0,0,No Data,No Data,No Data,0,0,No Data,No Data,No Data,0,0,No Data,No Data,No Data,No Data,No Data,No Data,No Data,No Data,-76.80,Baik Sekali,-8.05,Baik Sekali,23.38,Baik Sekali,No Data,No Data,No Data,No Data,0.00,0.00,No Data,0.00,0.00,No Data,0.00,0.00,No Data,53701,0,0.00,53701,2,0.00,51178,424,0.83,0,0,No Data,0,0,No Data,,No Data,No Data,No Data,No Data,No Data,No Data,No Data,No Data,No Data,No Data,No Data,No Data,No Data,No Data,No Data,194.55,66.01,No Data,No Data,No Data,0.80,4.66,No Data,No Data,No Data,No Data,No Data,No Data,No Data,No Data,No Data,No Data,No Data,-5.548535,122.602728,0
122,74,Sulawesi Tenggara,7415,Buton Selatan,ST,20260818 ST SDN 1 Lawale Kab. Buton Selatan,-,-,ST SDN 1 Lawale Kab. Buton Selatan,Reguler,Loka Kendari,18-Aug-2026,TSEL,0,0,No Data,No Data,No Data,No Data,No Data,No Data,No Data,0,0,No Data,No Data,No Data,No Data,No Data,No Data,No Data,0,0,No Data,No Data,No Data,No Data,No Data,No Data,No Data,0,0,No Data,No Data,No Data,No Data,No Data,No Data,No Data,23,23,100.00,199.27,201.50,222.00,153.00,No Data,100.00,33.74,35.65,52.30,5.97,28.41,1,1,2,2,0,0,No Data,No Data,No Data,No Data,No Data,0,0,No Data,No Data,No Data,No Data,No Data,22,22,100.00,5.68,7.63,0.47,2.15,33.86,1,0,0,No Data,No Data,No Data,No Data,23,23,100.00,0.75,0.00,4.26,0.00,0.00,0.00,0.00,0.00,4.35,95.65,0.00,0.00,11,11,100.00,0.77,10.39,0.00,11,11,100.00,4.24,30.73,100.00,22,0,0,100.00,0.00,0.00,4.17,100.00,0.00,1.50,100.00,44,0,100.00,1.15,0,0,No Data,0,0,No Data,0,0,0,No Data,No Data,No Data,No Data,No Data,No Data,No Data,No Data,No Data,No Data,No Data,No Data,0,0,0,No Data,No Data,No Data,No Data,No Data,No Data,No Data,No Data,No Data,No Data,No Data,No Data,0,0,0,No Data,No Data,No Data,0,0,No Data,No Data,No Data,0,0,No Data,No Data,No Data,No Data,No Data,No Data,No Data,No Data,-89.48,Baik Sekali,-9.19,Baik Sekali,19.11,Baik,No Data,No Data,No Data,No Data,0.00,0.00,No Data,0.00,0.00,No Data,0.00,0.00,No Data,128542,221,0.17,128542,2190,1.70,53833,3572,6.64,0,0,No Data,0,0,No Data,,No Data,No Data,No Data,No Data,No Data,No Data,No Data,No Data,No Data,No Data,No Data,No Data,No Data,No Data,No Data,199.27,33.74,No Data,No Data,No Data,0.77,4.24,No Data,No Data,No Data,No Data,No Data,No Data,No Data,No Data,No Data,No Data,No Data,-5.548538,122.60271,0.002
123,74,Sulawesi Tenggara,7415,Buton Selatan,ST,20260818 ST SDN 1 Lawale Kab. Buton Selatan,-,-,ST SDN 1 Lawale Kab. Buton Selatan,Reguler,Loka Kendari,18-Aug-2026,XLS,0,0,No Data,No Data,No Data,No Data,No Data,No Data,No Data,0,0,No Data,No Data,No Data,No Data,No Data,No Data,No Data,0,0,No Data,No Data,No Data,No Data,No Data,No Data,No Data,0,0,No Data,No Data,No Data,No Data,No Data,No Data,No Data,0,0,No Data,No Data,No Data,No Data,No Data,No Data,No Data,No Data,No Data,No Data,No Data,No Data,No Data,No Data,No Data,No Data,0,0,No Data,No Data,No Data,No Data,No Data,0,0,No Data,No Data,No Data,No Data,No Data,0,0,No Data,No Data,No Data,No Data,No Data,No Data,No Data,0,0,No Data,No Data,No Data,No Data,0,0,No Data,No Data,No Data,No Data,No Data,No Data,No Data,No Data,No Data,No Data,No Data,No Data,No Data,0,0,No Data,No Data,No Data,No Data,0,0,No Data,No Data,No Data,No Data,0,0,0,No Data,No Data,No Data,No Data,No Data,No Data,No Data,No Data,2,2,0.00,No Data,0,0,No Data,0,0,No Data,0,0,0,No Data,No Data,No Data,No Data,No Data,No Data,No Data,No Data,No Data,No Data,No Data,No Data,0,0,0,No Data,No Data,No Data,No Data,No Data,No Data,No Data,No Data,No Data,No Data,No Data,No Data,0,0,0,No Data,No Data,No Data,0,0,No Data,No Data,No Data,0,0,No Data,No Data,No Data,No Data,No Data,No Data,No Data,No Data,No Data,No Data,No Data,No Data,No Data,No Data,-67.80,Baik Sekali,No Data,No Data,0.00,0.00,No Data,0.00,0.00,No Data,0.00,0.00,No Data,0,0,No Data,0,0,No Data,0,0,No Data,3772,0,0.00,0,0,No Data,,No Data,No Data,No Data,No Data,No Data,No Data,No Data,No Data,No Data,No Data,No Data,No Data,No Data,No Data,No Data,No Data,No Data,No Data,No Data,No Data,No Data,No Data,No Data,No Data,No Data,No Data,No Data,No Data,No Data,No Data,No Data,No Data,No Data,-5.548533,122.602728,0.017
124,74,Sulawesi Tenggara,7415,Buton Selatan,ST,20260819 ST Kantor Kelurahan Bandar Batauga Kab. Buton Selatan,-,-,ST Kantor Kelurahan Bandar Batauga Kab. Buton Selatan,Reguler,Loka Kendari,19-Aug-2026,IOH,0,0,No Data,No Data,No Data,No Data,No Data,No Data,No Data,0,0,No Data,No Data,No Data,No Data,No Data,No Data,No Data,0,0,No Data,No Data,No Data,No Data,No Data,No Data,No Data,0,0,No Data,No Data,No Data,No Data,No Data,No Data,No Data,11,9,81.82,142.94,139.00,180.00,89.50,No Data,81.82,48.44,47.10,62.00,33.70,33.56,2,2,2,2,0,0,No Data,No Data,No Data,No Data,No Data,0,0,No Data,No Data,No Data,No Data,No Data,11,10,90.91,6.71,12.44,4.61,1.78,95.30,1,0,0,No Data,No Data,No Data,No Data,11,11,100.00,0.90,0.00,4.23,0.00,0.00,0.00,0.00,0.00,0.00,81.82,0.00,0.00,4,4,100.00,0.76,10.58,0.00,4,4,100.00,5.67,22.96,100.00,10,0,0,100.00,0.00,0.00,3.98,100.00,0.00,1.48,100.00,22,0,100.00,1.07,0,0,No Data,0,0,No Data,0,0,0,No Data,No Data,No Data,No Data,No Data,No Data,No Data,No Data,No Data,No Data,No Data,No Data,0,0,0,No Data,No Data,No Data,No Data,No Data,No Data,No Data,No Data,No Data,No Data,No Data,No Data,0,0,0,No Data,No Data,No Data,0,0,No Data,No Data,No Data,0,0,No Data,No Data,No Data,No Data,No Data,No Data,No Data,No Data,-82.57,Baik Sekali,-7.37,Baik Sekali,18.33,Baik,No Data,No Data,No Data,No Data,0.00,0.00,No Data,0.00,0.00,No Data,0.00,0.00,No Data,26244,0,0.00,26244,0,0.00,24252,132,0.54,0,0,No Data,0,0,No Data,,No Data,No Data,No Data,No Data,No Data,No Data,No Data,No Data,No Data,No Data,No Data,No Data,No Data,No Data,No Data,142.94,48.44,No Data,No Data,No Data,0.76,5.67,No Data,No Data,No Data,No Data,No Data,No Data,No Data,No Data,No Data,No Data,No Data,-5.585999,122.591286,0
125,74,Sulawesi Tenggara,7415,Buton Selatan,ST,20260819 ST Kantor Kelurahan Bandar Batauga Kab. Buton Selatan,-,-,ST Kantor Kelurahan Bandar Batauga Kab. Buton Selatan,Reguler,Loka Kendari,19-Aug-2026,TSEL,0,0,No Data,No Data,No Data,No Data,No Data,No Data,No Data,0,0,No Data,No Data,No Data,No Data,No Data,No Data,No Data,0,0,No Data,No Data,No Data,No Data,No Data,No Data,No Data,0,0,No Data,No Data,No Data,No Data,No Data,No Data,No Data,12,12,100.00,221.33,221.50,237.00,203.00,No Data,100.00,91.54,89.40,108.00,73.90,22.67,1,1,1,1,0,0,No Data,No Data,No Data,No Data,No Data,0,0,No Data,No Data,No Data,No Data,No Data,12,12,100.00,6.40,8.03,3.93,1.44,29.50,2,0,0,No Data,No Data,No Data,No Data,12,12,100.00,0.72,0.00,4.26,0.00,0.00,0.00,0.00,0.00,0.00,100.00,0.00,0.00,5,5,100.00,0.87,9.19,0.00,5,5,100.00,5.67,22.79,100.00,12,0,0,100.00,0.00,0.00,4.15,100.00,0.00,1.27,100.00,24,0,100.00,1.08,0,0,No Data,0,0,No Data,0,0,0,No Data,No Data,No Data,No Data,No Data,No Data,No Data,No Data,No Data,No Data,No Data,No Data,0,0,0,No Data,No Data,No Data,No Data,No Data,No Data,No Data,No Data,No Data,No Data,No Data,No Data,0,0,0,No Data,No Data,No Data,0,0,No Data,No Data,No Data,0,0,No Data,No Data,No Data,No Data,No Data,No Data,No Data,No Data,-87.46,Baik Sekali,-10.84,Baik,9.72,Cukup,No Data,No Data,No Data,No Data,0.00,0.00,No Data,0.00,0.00,No Data,0.00,0.00,No Data,26527,0,0.00,26527,839,3.16,26017,8450,32.48,0,0,No Data,0,0,No Data,,No Data,No Data,No Data,No Data,No Data,No Data,No Data,No Data,No Data,No Data,No Data,No Data,No Data,No Data,No Data,221.33,91.54,No Data,No Data,No Data,0.87,5.67,No Data,No Data,No Data,No Data,No Data,No Data,No Data,No Data,No Data,No Data,No Data,-5.586004,122.591282,0
126,74,Sulawesi Tenggara,7415,Buton Selatan,ST,20260819 ST Kantor Kelurahan Bandar Batauga Kab. Buton Selatan,-,-,ST Kantor Kelurahan Bandar Batauga Kab. Buton Selatan,Reguler,Loka Kendari,19-Aug-2026,XLS,0,0,No Data,No Data,No Data,No Data,No Data,No Data,No Data,0,0,No Data,No Data,No Data,No Data,No Data,No Data,No Data,0,0,No Data,No Data,No Data,No Data,No Data,No Data,No Data,0,0,No Data,No Data,No Data,No Data,No Data,No Data,No Data,1,0,0.00,No Data,No Data,No Data,No Data,No Data,0.00,No Data,No Data,No Data,No Data,No Data,0,0,0,0,0,0,No Data,No Data,No Data,No Data,No Data,0,0,No Data,No Data,No Data,No Data,No Data,0,0,No Data,No Data,No Data,No Data,No Data,No Data,No Data,0,0,No Data,No Data,No Data,No Data,0,0,No Data,No Data,No Data,No Data,No Data,No Data,No Data,No Data,No Data,No Data,No Data,No Data,No Data,0,0,No Data,No Data,No Data,No Data,0,0,No Data,No Data,No Data,No Data,0,0,0,No Data,No Data,No Data,No Data,No Data,No Data,No Data,No Data,2,2,0.00,No Data,0,0,No Data,0,0,No Data,0,0,0,No Data,No Data,No Data,No Data,No Data,No Data,No Data,No Data,No Data,No Data,No Data,No Data,0,0,0,No Data,No Data,No Data,No Data,No Data,No Data,No Data,No Data,No Data,No Data,No Data,No Data,0,0,0,No Data,No Data,No Data,0,0,No Data,No Data,No Data,0,0,No Data,No Data,No Data,No Data,No Data,No Data,No Data,No Data,-81.50,Baik Sekali,-8.15,Baik Sekali,18.80,Baik,-58.00,Baik Sekali,No Data,No Data,0.00,0.00,No Data,0.00,0.00,No Data,0.00,0.00,No Data,2,0,0.00,2,0,0.00,2,0,0.00,1908,0,0.00,0,0,No Data,,No Data,No Data,No Data,No Data,No Data,No Data,No Data,No Data,No Data,No Data,No Data,No Data,No Data,No Data,No Data,No Data,No Data,No Data,No Data,No Data,No Data,No Data,No Data,No Data,No Data,No Data,No Data,No Data,No Data,No Data,No Data,No Data,No Data,-5.586001,122.591278,0.003
127,74,Sulawesi Tenggara,7415,Buton Selatan,ST,20260819 ST Kantor Lurah Laompo Kab. Buton Selatan,-,-,ST Kantor Lurah Laompo Kab. Buton Selatan,Reguler,Loka Kendari,19-Aug-2026,IOH,0,0,No Data,No Data,No Data,No Data,No Data,No Data,No Data,0,0,No Data,No Data,No Data,No Data,No Data,No Data,No Data,0,0,No Data,No Data,No Data,No Data,No Data,No Data,No Data,0,0,No Data,No Data,No Data,No Data,No Data,No Data,No Data,23,23,100.00,133.30,137.00,160.00,110.00,No Data,100.00,50.06,52.20,63.20,32.30,31.04,1,1,1,1,0,0,No Data,No Data,No Data,No Data,No Data,0,0,No Data,No Data,No Data,No Data,No Data,23,23,100.00,5.89,9.35,4.46,1.77,84.87,2,0,0,No Data,No Data,No Data,No Data,23,23,100.00,0.92,0.00,4.29,0.00,0.00,0.00,0.00,0.00,0.00,86.96,0.00,0.00,11,11,100.00,0.77,10.54,0.00,11,11,100.00,5.32,24.66,100.00,25,1,1,92.00,4.00,4.00,3.96,100.00,0.00,1.45,100.00,46,0,100.00,1.03,0,0,No Data,0,0,No Data,0,0,0,No Data,No Data,No Data,No Data,No Data,No Data,No Data,No Data,No Data,No Data,No Data,No Data,0,0,0,No Data,No Data,No Data,No Data,No Data,No Data,No Data,No Data,No Data,No Data,No Data,No Data,0,0,0,No Data,No Data,No Data,0,0,No Data,No Data,No Data,0,0,No Data,No Data,No Data,No Data,No Data,No Data,No Data,No Data,-87.11,Baik Sekali,-8.34,Baik Sekali,10.86,Cukup,No Data,No Data,No Data,No Data,0.00,0.00,No Data,0.00,0.00,No Data,0.00,0.00,No Data,53845,0,0.00,53845,1,0.00,49446,11523,23.30,0,0,No Data,0,0,No Data,,No Data,No Data,No Data,No Data,No Data,No Data,No Data,No Data,No Data,No Data,No Data,No Data,No Data,No Data,No Data,133.30,50.06,No Data,No Data,No Data,0.77,5.32,No Data,No Data,No Data,No Data,No Data,No Data,No Data,No Data,No Data,No Data,No Data,-5.610594,122.599954,0
128,74,Sulawesi Tenggara,7415,Buton Selatan,ST,20260819 ST Kantor Lurah Laompo Kab. Buton Selatan,-,-,ST Kantor Lurah Laompo Kab. Buton Selatan,Reguler,Loka Kendari,19-Aug-2026,TSEL,0,0,No Data,No Data,No Data,No Data,No Data,No Data,No Data,0,0,No Data,No Data,No Data,No Data,No Data,No Data,No Data,0,0,No Data,No Data,No Data,No Data,No Data,No Data,No Data,0,0,No Data,No Data,No Data,No Data,No Data,No Data,No Data,24,24,100.00,119.99,119.50,141.00,99.70,No Data,100.00,45.10,46.50,69.40,15.80,25.71,2,2,2,2,0,0,No Data,No Data,No Data,No Data,No Data,0,0,No Data,No Data,No Data,No Data,No Data,24,24,100.00,6.22,8.00,4.88,1.49,33.58,1,0,0,No Data,No Data,No Data,No Data,24,24,100.00,0.86,0.00,4.28,0.00,0.00,0.00,0.00,0.00,0.00,100.00,0.00,0.00,11,11,100.00,0.83,9.75,0.00,11,11,100.00,4.84,26.97,100.00,25,1,1,92.00,4.00,4.00,4.18,100.00,0.00,1.29,100.00,48,0,100.00,1.12,0,0,No Data,0,0,No Data,0,0,0,No Data,No Data,No Data,No Data,No Data,No Data,No Data,No Data,No Data,No Data,No Data,No Data,0,0,0,No Data,No Data,No Data,No Data,No Data,No Data,No Data,No Data,No Data,No Data,No Data,No Data,0,0,0,No Data,No Data,No Data,0,0,No Data,No Data,No Data,0,0,No Data,No Data,No Data,No Data,No Data,No Data,No Data,No Data,-89.83,Baik Sekali,-10.21,Baik,8.26,Cukup,No Data,No Data,No Data,No Data,0.00,0.00,No Data,0.00,0.00,No Data,0.00,0.00,No Data,146975,105,0.07,146975,21132,14.38,51282,15855,30.92,0,0,No Data,0,0,No Data,,No Data,No Data,No Data,No Data,No Data,No Data,No Data,No Data,No Data,No Data,No Data,No Data,No Data,No Data,No Data,119.99,45.10,No Data,No Data,No Data,0.83,4.84,No Data,No Data,No Data,No Data,No Data,No Data,No Data,No Data,No Data,No Data,No Data,-5.610589,122.599969,0.002
129,74,Sulawesi Tenggara,7415,Buton Selatan,ST,20260819 ST Kantor Lurah Laompo Kab. Buton Selatan,-,-,ST Kantor Lurah Laompo Kab. Buton Selatan,Reguler,Loka Kendari,19-Aug-2026,XLS,0,0,No Data,No Data,No Data,No Data,No Data,No Data,No Data,0,0,No Data,No Data,No Data,No Data,No Data,No Data,No Data,0,0,No Data,No Data,No Data,No Data,No Data,No Data,No Data,0,0,No Data,No Data,No Data,No Data,No Data,No Data,No Data,0,0,No Data,No Data,No Data,No Data,No Data,No Data,No Data,No Data,No Data,No Data,No Data,No Data,No Data,No Data,No Data,No Data,0,0,No Data,No Data,No Data,No Data,No Data,0,0,No Data,No Data,No Data,No Data,No Data,0,0,No Data,No Data,No Data,No Data,No Data,No Data,No Data,0,0,No Data,No Data,No Data,No Data,0,0,No Data,No Data,No Data,No Data,No Data,No Data,No Data,No Data,No Data,No Data,No Data,No Data,No Data,0,0,No Data,No Data,No Data,No Data,0,0,No Data,No Data,No Data,No Data,0,0,0,No Data,No Data,No Data,No Data,No Data,No Data,No Data,No Data,2,2,0.00,No Data,0,0,No Data,0,0,No Data,0,0,0,No Data,No Data,No Data,No Data,No Data,No Data,No Data,No Data,No Data,No Data,No Data,No Data,0,0,0,No Data,No Data,No Data,No Data,No Data,No Data,No Data,No Data,No Data,No Data,No Data,No Data,0,0,0,No Data,No Data,No Data,0,0,No Data,No Data,No Data,0,0,No Data,No Data,No Data,No Data,No Data,No Data,No Data,No Data,-88.45,Baik Sekali,-9.38,Baik Sekali,11.15,Cukup,-63.39,Baik Sekali,No Data,No Data,0.00,0.00,No Data,0.00,0.00,No Data,0.00,0.00,No Data,4,0,0.00,4,0,0.00,4,1,25.00,3825,0,0.00,0,0,No Data,,No Data,No Data,No Data,No Data,No Data,No Data,No Data,No Data,No Data,No Data,No Data,No Data,No Data,No Data,No Data,No Data,No Data,No Data,No Data,No Data,No Data,No Data,No Data,No Data,No Data,No Data,No Data,No Data,No Data,No Data,No Data,No Data,No Data,-5.610587,122.599963,0.015
130,74,Sulawesi Tenggara,7415,Buton Selatan,ST,20260819 ST Mts Busoa Kab. Buton Selatan,-,-,ST Mts Busoa Kab. Buton Selatan,Reguler,Loka Kendari,19-Aug-2026,IOH,0,0,No Data,No Data,No Data,No Data,No Data,No Data,No Data,0,0,No Data,No Data,No Data,No Data,No Data,No Data,No Data,0,0,No Data,No Data,No Data,No Data,No Data,No Data,No Data,0,0,No Data,No Data,No Data,No Data,No Data,No Data,No Data,5,4,80.00,16.93,14.60,30.40,8.13,No Data,80.00,0.37,0.38,0.39,0.34,39.50,1,1,2,2,0,0,No Data,No Data,No Data,No Data,No Data,0,0,No Data,No Data,No Data,No Data,No Data,5,2,40.00,3.73,4.44,3.03,12.92,201.00,1,0,0,No Data,No Data,No Data,No Data,5,4,80.00,2.66,0.00,4.29,0.00,0.00,0.00,0.00,0.00,0.00,75.00,0.00,0.00,1,1,100.00,0.17,47.42,100.00,1,0,0.00,No Data,No Data,No Data,4,0,0,100.00,0.00,0.00,3.80,100.00,0.00,2.38,100.00,10,7,30.00,0.71,0,0,No Data,0,0,No Data,0,0,0,No Data,No Data,No Data,No Data,No Data,No Data,No Data,No Data,No Data,No Data,No Data,No Data,0,0,0,No Data,No Data,No Data,No Data,No Data,No Data,No Data,No Data,No Data,No Data,No Data,No Data,0,0,0,No Data,No Data,No Data,0,0,No Data,No Data,No Data,0,0,No Data,No Data,No Data,No Data,No Data,No Data,No Data,No Data,-119.25,Kurang,-10.96,Baik,2.82,Kurang,-92.50,Cukup,0.0,Baik Sekali,0.00,0.00,No Data,0.00,0.00,No Data,0.00,0.00,No Data,13222,13222,100.00,13222,13,0.10,13222,12577,95.12,68,0,0.00,59,0,0.00,,No Data,No Data,No Data,No Data,No Data,No Data,No Data,No Data,No Data,No Data,No Data,No Data,No Data,No Data,No Data,16.93,0.37,No Data,No Data,No Data,0.17,No Data,No Data,No Data,No Data,No Data,No Data,No Data,No Data,No Data,No Data,No Data,No Data,-5.570347,122.60641,0.001
131,74,Sulawesi Tenggara,7415,Buton Selatan,ST,20260819 ST Mts Busoa Kab. Buton Selatan,-,-,ST Mts Busoa Kab. Buton Selatan,Reguler,Loka Kendari,19-Aug-2026,TSEL,0,0,No Data,No Data,No Data,No Data,No Data,No Data,No Data,0,0,No Data,No Data,No Data,No Data,No Data,No Data,No Data,0,0,No Data,No Data,No Data,No Data,No Data,No Data,No Data,0,0,No Data,No Data,No Data,No Data,No Data,No Data,No Data,10,10,100.00,6.76,6.47,8.82,4.59,No Data,100.00,1.20,1.22,1.71,0.73,35.30,2,2,1,1,0,0,No Data,No Data,No Data,No Data,No Data,0,0,No Data,No Data,No Data,No Data,No Data,10,10,100.00,3.70,6.51,1.48,3.23,41.90,2,0,0,No Data,No Data,No Data,No Data,10,6,60.00,4.70,16.67,3.90,0.04,0.04,0.00,0.00,16.67,16.67,66.67,0.00,0.00,5,5,100.00,0.24,33.20,100.00,0,0,No Data,No Data,No Data,No Data,10,0,0,100.00,0.00,0.00,4.08,100.00,0.00,1.34,100.00,20,0,100.00,2.35,0,0,No Data,0,0,No Data,0,0,0,No Data,No Data,No Data,No Data,No Data,No Data,No Data,No Data,No Data,No Data,No Data,No Data,0,0,0,No Data,No Data,No Data,No Data,No Data,No Data,No Data,No Data,No Data,No Data,No Data,No Data,0,0,0,No Data,No Data,No Data,0,0,No Data,No Data,No Data,0,0,No Data,No Data,No Data,No Data,No Data,No Data,No Data,No Data,-118.69,Kurang,-13.88,Cukup,3.76,Kurang,No Data,No Data,No Data,No Data,0.00,0.00,No Data,0.00,0.00,No Data,0.00,0.00,No Data,18499,18499,100.00,18499,1613,8.72,13399,13371,99.79,0,0,No Data,0,0,No Data,,No Data,No Data,No Data,No Data,No Data,No Data,No Data,No Data,No Data,No Data,No Data,No Data,No Data,No Data,No Data,6.76,1.20,No Data,No Data,No Data,0.24,No Data,No Data,No Data,No Data,No Data,No Data,No Data,No Data,No Data,No Data,No Data,No Data,-5.570356,122.606434,0
132,74,Sulawesi Tenggara,7415,Buton Selatan,ST,20260819 ST Mts Busoa Kab. Buton Selatan,-,-,ST Mts Busoa Kab. Buton Selatan,Reguler,Loka Kendari,19-Aug-2026,XLS,0,0,No Data,No Data,No Data,No Data,No Data,No Data,No Data,0,0,No Data,No Data,No Data,No Data,No Data,No Data,No Data,0,0,No Data,No Data,No Data,No Data,No Data,No Data,No Data,0,0,No Data,No Data,No Data,No Data,No Data,No Data,No Data,0,0,No Data,No Data,No Data,No Data,No Data,No Data,No Data,No Data,No Data,No Data,No Data,No Data,No Data,No Data,No Data,No Data,0,0,No Data,No Data,No Data,No Data,No Data,0,0,No Data,No Data,No Data,No Data,No Data,0,0,No Data,No Data,No Data,No Data,No Data,No Data,No Data,0,0,No Data,No Data,No Data,No Data,0,0,No Data,No Data,No Data,No Data,No Data,No Data,No Data,No Data,No Data,No Data,No Data,No Data,No Data,0,0,No Data,No Data,No Data,No Data,0,0,No Data,No Data,No Data,No Data,0,0,0,No Data,No Data,No Data,No Data,No Data,No Data,No Data,No Data,2,2,0.00,No Data,0,0,No Data,0,0,No Data,0,0,0,No Data,No Data,No Data,No Data,No Data,No Data,No Data,No Data,No Data,No Data,No Data,No Data,0,0,0,No Data,No Data,No Data,No Data,No Data,No Data,No Data,No Data,No Data,No Data,No Data,No Data,0,0,0,No Data,No Data,No Data,0,0,No Data,No Data,No Data,0,0,No Data,No Data,No Data,No Data,No Data,No Data,No Data,No Data,No Data,No Data,No Data,No Data,No Data,No Data,-94.22,Cukup,No Data,No Data,0.00,0.00,No Data,0.00,0.00,No Data,0.00,0.00,No Data,0,0,No Data,0,0,No Data,0,0,No Data,2063,0,0.00,0,0,No Data,,No Data,No Data,No Data,No Data,No Data,No Data,No Data,No Data,No Data,No Data,No Data,No Data,No Data,No Data,No Data,No Data,No Data,No Data,No Data,No Data,No Data,No Data,No Data,No Data,No Data,No Data,No Data,No Data,No Data,No Data,No Data,No Data,No Data,-5.57034,122.606415,0.003
,74,Sulawesi Tenggara,7408,Kolaka Utara,DT,20260908 DT Kab. Kolaka Utara,-,-,DT Kab. Kolaka Utara,Reguler,Loka Kendari,08-Sep-2026,IOH,0,0,No Data,No Data,No Data,No Data,No Data,No Data,No Data,0,0,No Data,No Data,No Data,No Data,No Data,No Data,No Data,0,0,No Data,No Data,No Data,No Data,No Data,No Data,No Data,0,0,No Data,No Data,No Data,No Data,No Data,No Data,No Data,46,36,78.26,103.73,104.00,301.00,5.08,No Data,78.26,22.18,16.05,62.70,0.01,39.17,3,3,2,3,0,0,No Data,No Data,No Data,No Data,No Data,0,0,No Data,No Data,No Data,No Data,No Data,45,36,80.00,5.17,10.17,2.17,3.23,140.00,3,0,0,No Data,No Data,No Data,No Data,46,41,89.13,1.71,0.00,4.25,0.01,0.01,0.00,0.00,0.00,0.00,82.93,0.00,0.00,18,18,100.00,0.63,15.35,27.78,13,13,100.00,4.72,27.59,100.00,44,2,1,93.18,4.55,2.27,3.61,97.56,2.44,1.90,100.00,94,23,75.53,1.49,0,0,No Data,0,0,No Data,0,0,0,No Data,No Data,No Data,No Data,No Data,No Data,No Data,No Data,No Data,No Data,No Data,No Data,0,0,0,No Data,No Data,No Data,No Data,No Data,No Data,No Data,No Data,No Data,No Data,No Data,No Data,0,0,0,No Data,No Data,No Data,0,0,No Data,No Data,No Data,0,0,No Data,No Data,No Data,No Data,No Data,No Data,No Data,No Data,-100.42,Baik,-12.55,Cukup,6.83,Kurang,-83.62,Baik Sekali,2.9,Baik,0.00,0.00,No Data,0.00,0.00,No Data,0.00,0.00,No Data,115761,42265,36.51,115761,19880,17.17,114060,63282,55.48,1314,288,21.92,30,8,26.67,,No Data,No Data,No Data,No Data,No Data,No Data,No Data,No Data,No Data,No Data,No Data,No Data,No Data,No Data,No Data,103.73,22.18,No Data,No Data,No Data,0.63,4.72,No Data,No Data,No Data,No Data,No Data,No Data,No Data,No Data,No Data,No Data,No Data,-3.701313,121.060523,198.864
,74,Sulawesi Tenggara,7408,Kolaka Utara,DT,20260908 DT Kab. Kolaka Utara,-,-,DT Kab. Kolaka Utara,Reguler,Loka Kendari,08-Sep-2026,TSEL,0,0,No Data,No Data,No Data,No Data,No Data,No Data,No Data,0,0,No Data,No Data,No Data,No Data,No Data,No Data,No Data,0,0,No Data,No Data,No Data,No Data,No Data,No Data,No Data,0,0,No Data,No Data,No Data,No Data,No Data,No Data,No Data,40,29,72.50,132.25,125.00,338.00,3.48,No Data,72.50,27.59,21.40,84.60,0.32,29.68,1,1,1,2,0,0,No Data,No Data,No Data,No Data,No Data,0,0,No Data,No Data,No Data,No Data,No Data,37,33,89.19,6.03,10.33,1.46,1.79,64.00,1,0,0,No Data,No Data,No Data,No Data,41,34,82.93,1.54,2.94,4.28,0.00,0.00,0.00,0.00,0.00,0.00,100.00,0.00,0.00,19,19,100.00,0.65,17.51,26.32,16,16,100.00,3.95,35.20,100.00,43,6,3,79.07,13.95,6.98,3.71,97.06,2.94,1.57,100.00,82,23,71.95,1.18,0,0,No Data,0,0,No Data,0,0,0,No Data,No Data,No Data,No Data,No Data,No Data,No Data,No Data,No Data,No Data,No Data,No Data,0,0,0,No Data,No Data,No Data,No Data,No Data,No Data,No Data,No Data,No Data,No Data,No Data,No Data,0,0,0,No Data,No Data,No Data,0,0,No Data,No Data,No Data,0,0,No Data,No Data,No Data,No Data,No Data,No Data,No Data,No Data,-101.35,Baik,-10.59,Baik,8.21,Cukup,-94.17,Cukup,2.8,Baik,0.00,0.00,No Data,0.00,0.00,No Data,0.00,0.00,No Data,139496,55796,40.00,139496,9550,6.85,84919,43429,51.14,3224,965,29.93,137,36,26.28,,No Data,No Data,No Data,No Data,No Data,No Data,No Data,No Data,No Data,No Data,No Data,No Data,No Data,No Data,No Data,132.25,27.59,No Data,No Data,No Data,0.65,3.95,No Data,No Data,No Data,No Data,No Data,No Data,No Data,No Data,No Data,No Data,No Data,-3.701288,121.061109,197.696
,74,Sulawesi Tenggara,7408,Kolaka Utara,DT,20260908 DT Kab. Kolaka Utara,-,-,DT Kab. Kolaka Utara,Reguler,Loka Kendari,08-Sep-2026,XLS,0,0,No Data,No Data,No Data,No Data,No Data,No Data,No Data,0,0,No Data,No Data,No Data,No Data,No Data,No Data,No Data,0,0,No Data,No Data,No Data,No Data,No Data,No Data,No Data,0,0,No Data,No Data,No Data,No Data,No Data,No Data,No Data,8,5,62.50,119.20,119.00,122.00,117.00,No Data,62.50,21.73,24.20,32.90,6.55,30.00,2,2,3,1,0,0,No Data,No Data,No Data,No Data,No Data,0,0,No Data,No Data,No Data,No Data,No Data,5,5,100.00,5.87,7.26,5.07,1.89,82.40,2,0,0,No Data,No Data,No Data,No Data,6,5,83.33,0.96,0.00,4.32,0.00,0.00,0.00,0.00,0.00,0.00,100.00,0.00,0.00,3,0,0.00,No Data,No Data,No Data,3,3,100.00,3.91,34.30,100.00,8,2,1,62.50,25.00,12.50,3.96,100.00,0.00,1.69,100.00,18,8,55.56,1.24,0,0,No Data,0,0,No Data,0,0,0,No Data,No Data,No Data,No Data,No Data,No Data,No Data,No Data,No Data,No Data,No Data,No Data,0,0,0,No Data,No Data,No Data,No Data,No Data,No Data,No Data,No Data,No Data,No Data,No Data,No Data,0,0,0,No Data,No Data,No Data,0,0,No Data,No Data,No Data,0,0,No Data,No Data,No Data,No Data,No Data,No Data,No Data,No Data,-105.45,Kurang,-10.44,Baik,7.55,Kurang,-81.46,Baik Sekali,No Data,No Data,0.00,0.00,No Data,0.00,0.00,No Data,0.00,0.00,No Data,13270,7088,53.41,13270,791,5.96,9742,3625,37.21,17073,1297,7.60,0,0,No Data,,No Data,No Data,No Data,No Data,No Data,No Data,No Data,No Data,No Data,No Data,No Data,No Data,No Data,No Data,No Data,119.20,21.73,No Data,No Data,No Data,No Data,3.91,No Data,No Data,No Data,No Data,No Data,No Data,No Data,No Data,No Data,No Data,No Data,-3.701312,121.060239,199.98
,74,Sulawesi Tenggara,7408,Kolaka Utara,ST,20260908 ST Madrasah Aliyah Yapira Lapai Kab. Kolaka Utara,-,-,ST Madrasah Aliyah Yapira Lapai Kab. Kolaka Utara,Reguler,Loka Kendari,08-Sep-2026,IOH,0,0,No Data,No Data,No Data,No Data,No Data,No Data,No Data,0,0,No Data,No Data,No Data,No Data,No Data,No Data,No Data,0,0,No Data,No Data,No Data,No Data,No Data,No Data,No Data,0,0,No Data,No Data,No Data,No Data,No Data,No Data,No Data,11,11,100.00,121.26,125.00,146.00,87.00,No Data,100.00,22.15,21.80,27.70,16.80,66.18,1,1,2,2,0,0,No Data,No Data,No Data,No Data,No Data,0,0,No Data,No Data,No Data,No Data,No Data,11,11,100.00,4.25,7.22,3.22,2.39,116.64,2,0,0,No Data,No Data,No Data,No Data,11,11,100.00,2.26,0.00,4.29,0.00,0.00,0.00,0.00,0.00,0.00,63.64,0.00,0.00,5,5,100.00,0.75,10.70,0.00,4,4,100.00,5.01,25.88,100.00,11,0,0,100.00,0.00,0.00,3.16,100.00,0.00,1.72,100.00,22,0,100.00,1.60,0,0,No Data,0,0,No Data,0,0,0,No Data,No Data,No Data,No Data,No Data,No Data,No Data,No Data,No Data,No Data,No Data,No Data,0,0,0,No Data,No Data,No Data,No Data,No Data,No Data,No Data,No Data,No Data,No Data,No Data,No Data,0,0,0,No Data,No Data,No Data,0,0,No Data,No Data,No Data,0,0,No Data,No Data,No Data,No Data,No Data,No Data,No Data,No Data,-94.79,Baik,-14.26,Cukup,8.04,Cukup,No Data,No Data,No Data,No Data,0.00,0.00,No Data,0.00,0.00,No Data,0.00,0.00,No Data,40764,0,0.00,40764,7360,18.06,40408,18528,45.85,0,0,No Data,0,0,No Data,,No Data,No Data,No Data,No Data,No Data,No Data,No Data,No Data,No Data,No Data,No Data,No Data,No Data,No Data,No Data,121.26,22.15,No Data,No Data,No Data,0.75,5.01,No Data,No Data,No Data,No Data,No Data,No Data,No Data,No Data,No Data,No Data,No Data,-3.298001,121.004639,0.006
,74,Sulawesi Tenggara,7408,Kolaka Utara,ST,20260908 ST Madrasah Aliyah Yapira Lapai Kab. Kolaka Utara,-,-,ST Madrasah Aliyah Yapira Lapai Kab. Kolaka Utara,Reguler,Loka Kendari,08-Sep-2026,TSEL,0,0,No Data,No Data,No Data,No Data,No Data,No Data,No Data,0,0,No Data,No Data,No Data,No Data,No Data,No Data,No Data,0,0,No Data,No Data,No Data,No Data,No Data,No Data,No Data,0,0,No Data,No Data,No Data,No Data,No Data,No Data,No Data,11,11,100.00,91.15,85.20,140.00,71.50,No Data,100.00,25.58,26.50,30.30,17.20,26.27,2,2,1,1,0,0,No Data,No Data,No Data,No Data,No Data,0,0,No Data,No Data,No Data,No Data,No Data,11,11,100.00,5.58,6.78,3.47,1.60,30.91,1,0,0,No Data,No Data,No Data,No Data,11,11,100.00,1.71,0.00,4.23,0.01,0.02,0.00,0.00,0.00,0.00,100.00,0.00,0.00,5,5,100.00,0.73,10.96,0.00,2,2,100.00,4.03,31.96,100.00,8,0,0,100.00,0.00,0.00,3.99,100.00,0.00,1.79,100.00,22,0,100.00,1.37,0,0,No Data,0,0,No Data,0,0,0,No Data,No Data,No Data,No Data,No Data,No Data,No Data,No Data,No Data,No Data,No Data,No Data,0,0,0,No Data,No Data,No Data,No Data,No Data,No Data,No Data,No Data,No Data,No Data,No Data,No Data,0,0,0,No Data,No Data,No Data,0,0,No Data,No Data,No Data,0,0,No Data,No Data,No Data,No Data,No Data,No Data,No Data,No Data,-88.95,Baik Sekali,-13.72,Cukup,8.23,Cukup,No Data,No Data,No Data,No Data,0.00,0.00,No Data,0.00,0.00,No Data,0.00,0.00,No Data,29427,0,0.00,29427,5829,19.81,16501,5581,33.82,0,0,No Data,0,0,No Data,,No Data,No Data,No Data,No Data,No Data,No Data,No Data,No Data,No Data,No Data,No Data,No Data,No Data,No Data,No Data,91.15,25.58,No Data,No Data,No Data,0.73,4.03,No Data,No Data,No Data,No Data,No Data,No Data,No Data,No Data,No Data,No Data,No Data,-3.298003,121.00463,0.005
,74,Sulawesi Tenggara,7408,Kolaka Utara,ST,20260908 ST Madrasah Aliyah Yapira Lapai Kab. Kolaka Utara,-,-,ST Madrasah Aliyah Yapira Lapai Kab. Kolaka Utara,Reguler,Loka Kendari,08-Sep-2026,XLS,0,0,No Data,No Data,No Data,No Data,No Data,No Data,No Data,0,0,No Data,No Data,No Data,No Data,No Data,No Data,No Data,0,0,No Data,No Data,No Data,No Data,No Data,No Data,No Data,0,0,No Data,No Data,No Data,No Data,No Data,No Data,No Data,1,0,0.00,No Data,No Data,No Data,No Data,No Data,0.00,No Data,No Data,No Data,No Data,No Data,0,0,0,0,0,0,No Data,No Data,No Data,No Data,No Data,0,0,No Data,No Data,No Data,No Data,No Data,1,0,0.00,No Data,No Data,No Data,No Data,No Data,No Data,0,0,No Data,No Data,No Data,No Data,0,0,No Data,No Data,No Data,No Data,No Data,No Data,No Data,No Data,No Data,No Data,No Data,No Data,No Data,0,0,No Data,No Data,No Data,No Data,0,0,No Data,No Data,No Data,No Data,3,3,0,0.00,100.00,0.00,No Data,No Data,No Data,No Data,No Data,2,2,0.00,No Data,0,0,No Data,0,0,No Data,0,0,0,No Data,No Data,No Data,No Data,No Data,No Data,No Data,No Data,No Data,No Data,No Data,No Data,0,0,0,No Data,No Data,No Data,No Data,No Data,No Data,No Data,No Data,No Data,No Data,No Data,No Data,0,0,0,No Data,No Data,No Data,0,0,No Data,No Data,No Data,0,0,No Data,No Data,No Data,No Data,No Data,No Data,No Data,No Data,No Data,No Data,No Data,No Data,No Data,No Data,-54.54,Baik Sekali,No Data,No Data,0.00,0.00,No Data,0.00,0.00,No Data,0.00,0.00,No Data,0,0,No Data,0,0,No Data,0,0,No Data,1845,0,0.00,0,0,No Data,,No Data,No Data,No Data,No Data,No Data,No Data,No Data,No Data,No Data,No Data,No Data,No Data,No Data,No Data,No Data,No Data,No Data,No Data,No Data,No Data,No Data,No Data,No Data,No Data,No Data,No Data,No Data,No Data,No Data,No Data,No Data,No Data,No Data,-3.298004,121.004634,0.007
,74,Sulawesi Tenggara,7408,Kolaka Utara,ST,20260909 ST Kantor Bupati Kab. Kolaka Utara,-,-,ST Kantor Bupati Kab. Kolaka Utara,Reguler,Loka Kendari,09-Sep-2026,IOH,0,0,No Data,No Data,No Data,No Data,No Data,No Data,No Data,0,0,No Data,No Data,No Data,No Data,No Data,No Data,No Data,0,0,No Data,No Data,No Data,No Data,No Data,No Data,No Data,0,0,No Data,No Data,No Data,No Data,No Data,No Data,No Data,11,11,100.00,109.97,113.00,132.00,87.00,No Data,100.00,44.24,51.20,53.90,19.80,53.27,2,2,1,1,0,0,No Data,No Data,No Data,No Data,No Data,0,0,No Data,No Data,No Data,No Data,No Data,11,11,100.00,4.95,6.32,3.82,2.18,116.82,2,0,0,No Data,No Data,No Data,No Data,11,11,100.00,1.09,0.00,4.27,0.00,0.00,0.00,0.00,0.00,0.00,81.82,0.00,0.00,5,5,100.00,0.77,10.45,0.00,5,5,100.00,5.04,25.83,100.00,10,0,0,100.00,0.00,0.00,3.94,100.00,0.00,1.51,100.00,22,0,100.00,1.09,0,0,No Data,0,0,No Data,0,0,0,No Data,No Data,No Data,No Data,No Data,No Data,No Data,No Data,No Data,No Data,No Data,No Data,0,0,0,No Data,No Data,No Data,No Data,No Data,No Data,No Data,No Data,No Data,No Data,No Data,No Data,0,0,0,No Data,No Data,No Data,0,0,No Data,No Data,No Data,0,0,No Data,No Data,No Data,No Data,No Data,No Data,No Data,No Data,-95.97,Baik,-13.50,Cukup,7.30,Kurang,No Data,No Data,No Data,No Data,0.00,0.00,No Data,0.00,0.00,No Data,0.00,0.00,No Data,30127,476,1.58,30127,5943,19.73,28919,14208,49.13,0,0,No Data,0,0,No Data,,No Data,No Data,No Data,No Data,No Data,No Data,No Data,No Data,No Data,No Data,No Data,No Data,No Data,No Data,No Data,109.97,44.24,No Data,No Data,No Data,0.77,5.04,No Data,No Data,No Data,No Data,No Data,No Data,No Data,No Data,No Data,No Data,No Data,-3.491551,120.885837,0.017
,74,Sulawesi Tenggara,7408,Kolaka Utara,ST,20260909 ST Kantor Bupati Kab. Kolaka Utara,-,-,ST Kantor Bupati Kab. Kolaka Utara,Reguler,Loka Kendari,09-Sep-2026,TSEL,0,0,No Data,No Data,No Data,No Data,No Data,No Data,No Data,0,0,No Data,No Data,No Data,No Data,No Data,No Data,No Data,0,0,No Data,No Data,No Data,No Data,No Data,No Data,No Data,0,0,No Data,No Data,No Data,No Data,No Data,No Data,No Data,12,12,100.00,76.42,76.40,91.70,64.00,No Data,100.00,27.45,27.00,35.80,20.70,27.92,3,3,2,2,0,0,No Data,No Data,No Data,No Data,No Data,0,0,No Data,No Data,No Data,No Data,No Data,12,12,100.00,5.82,7.57,4.76,1.61,33.00,1,0,0,No Data,No Data,No Data,No Data,12,12,100.00,0.85,0.00,4.26,0.00,0.00,0.00,0.00,0.00,0.00,100.00,0.00,0.00,5,5,100.00,0.83,9.70,0.00,5,5,100.00,4.83,27.03,100.00,12,0,0,100.00,0.00,0.00,3.98,100.00,0.00,1.38,100.00,24,0,100.00,1.06,0,0,No Data,0,0,No Data,0,0,0,No Data,No Data,No Data,No Data,No Data,No Data,No Data,No Data,No Data,No Data,No Data,No Data,0,0,0,No Data,No Data,No Data,No Data,No Data,No Data,No Data,No Data,No Data,No Data,No Data,No Data,0,0,0,No Data,No Data,No Data,0,0,No Data,No Data,No Data,0,0,No Data,No Data,No Data,No Data,No Data,No Data,No Data,No Data,-90.52,Baik Sekali,-10.82,Baik,5.39,Kurang,No Data,No Data,No Data,No Data,0.00,0.00,No Data,0.00,0.00,No Data,0.00,0.00,No Data,20221,495,2.45,20221,841,4.16,13153,8624,65.57,0,0,No Data,0,0,No Data,,No Data,No Data,No Data,No Data,No Data,No Data,No Data,No Data,No Data,No Data,No Data,No Data,No Data,No Data,No Data,76.42,27.45,No Data,No Data,No Data,0.83,4.83,No Data,No Data,No Data,No Data,No Data,No Data,No Data,No Data,No Data,No Data,No Data,-3.491539,120.885848,0.005
,74,Sulawesi Tenggara,7408,Kolaka Utara,ST,20260909 ST Kantor Bupati Kab. Kolaka Utara,-,-,ST Kantor Bupati Kab. Kolaka Utara,Reguler,Loka Kendari,09-Sep-2026,XLS,0,0,No Data,No Data,No Data,No Data,No Data,No Data,No Data,0,0,No Data,No Data,No Data,No Data,No Data,No Data,No Data,0,0,No Data,No Data,No Data,No Data,No Data,No Data,No Data,0,0,No Data,No Data,No Data,No Data,No Data,No Data,No Data,11,11,100.00,123.00,123.00,127.00,117.00,No Data,100.00,5.03,5.14,8.17,2.10,63.00,1,1,3,3,0,0,No Data,No Data,No Data,No Data,No Data,0,0,No Data,No Data,No Data,No Data,No Data,11,11,100.00,4.48,5.63,2.20,2.58,97.18,3,0,0,No Data,No Data,No Data,No Data,11,11,100.00,1.02,0.00,4.31,0.00,0.00,0.00,0.00,0.00,0.00,90.91,0.00,0.00,5,0,0.00,No Data,No Data,No Data,4,4,100.00,2.45,53.53,100.00,11,0,0,100.00,0.00,0.00,3.94,100.00,0.00,1.63,100.00,22,0,100.00,1.58,0,0,No Data,0,0,No Data,0,0,0,No Data,No Data,No Data,No Data,No Data,No Data,No Data,No Data,No Data,No Data,No Data,No Data,0,0,0,No Data,No Data,No Data,No Data,No Data,No Data,No Data,No Data,No Data,No Data,No Data,No Data,0,0,0,No Data,No Data,No Data,0,0,No Data,No Data,No Data,0,0,No Data,No Data,No Data,No Data,No Data,No Data,No Data,No Data,-107.54,Kurang,-10.57,Baik,10.38,Cukup,No Data,No Data,No Data,No Data,0.00,0.00,No Data,0.00,0.00,No Data,0.00,0.00,No Data,27715,23336,84.20,27715,232,0.84,17453,3114,17.84,0,0,No Data,0,0,No Data,,No Data,No Data,No Data,No Data,No Data,No Data,No Data,No Data,No Data,No Data,No Data,No Data,No Data,No Data,No Data,123.00,5.03,No Data,No Data,No Data,No Data,2.28,No Data,No Data,No Data,No Data,No Data,No Data,No Data,No Data,No Data,No Data,No Data,-3.491563,120.885848,0.015
,74,Sulawesi Tenggara,7408,Kolaka Utara,ST,20260909 ST Polres Kolaka Utara Kab. Kolaka Utara,-,-,ST Polres Kolaka Utara Kab. Kolaka Utara,Reguler,Loka Kendari,09-Sep-2026,IOH,0,0,No Data,No Data,No Data,No Data,No Data,No Data,No Data,0,0,No Data,No Data,No Data,No Data,No Data,No Data,No Data,0,0,No Data,No Data,No Data,No Data,No Data,No Data,No Data,0,0,No Data,No Data,No Data,No Data,No Data,No Data,No Data,11,10,90.91,42.47,37.85,76.10,9.93,No Data,90.91,5.51,5.82,10.30,1.23,55.50,3,3,3,3,0,0,No Data,No Data,No Data,No Data,No Data,0,0,No Data,No Data,No Data,No Data,No Data,11,11,100.00,5.29,8.75,3.81,2.69,113.91,3,0,0,No Data,No Data,No Data,No Data,11,11,100.00,2.87,0.00,4.23,0.02,0.03,0.00,0.00,0.00,0.00,54.55,0.00,0.00,4,4,100.00,0.56,14.44,25.00,4,4,100.00,2.54,52.23,100.00,10,0,0,100.00,0.00,0.00,3.99,100.00,0.00,1.63,100.00,22,0,100.00,1.40,0,0,No Data,0,0,No Data,0,0,0,No Data,No Data,No Data,No Data,No Data,No Data,No Data,No Data,No Data,No Data,No Data,No Data,0,0,0,No Data,No Data,No Data,No Data,No Data,No Data,No Data,No Data,No Data,No Data,No Data,No Data,0,0,0,No Data,No Data,No Data,0,0,No Data,No Data,No Data,0,0,No Data,No Data,No Data,No Data,No Data,No Data,No Data,No Data,-111.72,Kurang,-16.22,Kurang,-0.60,Kurang,No Data,No Data,No Data,No Data,0.00,0.00,No Data,0.00,0.00,No Data,0.00,0.00,No Data,21718,21246,97.83,21718,12240,56.36,21372,21059,98.54,0,0,No Data,0,0,No Data,,No Data,No Data,No Data,No Data,No Data,No Data,No Data,No Data,No Data,No Data,No Data,No Data,No Data,No Data,No Data,42.47,5.51,No Data,No Data,No Data,0.56,2.54,No Data,No Data,No Data,No Data,No Data,No Data,No Data,No Data,No Data,No Data,No Data,-3.501142,120.876248,0.001
,74,Sulawesi Tenggara,7408,Kolaka Utara,ST,20260909 ST Polres Kolaka Utara Kab. Kolaka Utara,-,-,ST Polres Kolaka Utara Kab. Kolaka Utara,Reguler,Loka Kendari,09-Sep-2026,TSEL,0,0,No Data,No Data,No Data,No Data,No Data,No Data,No Data,0,0,No Data,No Data,No Data,No Data,No Data,No Data,No Data,0,0,No Data,No Data,No Data,No Data,No Data,No Data,No Data,0,0,No Data,No Data,No Data,No Data,No Data,No Data,No Data,8,8,100.00,84.80,86.80,103.00,61.10,No Data,100.00,22.84,23.95,27.10,18.30,26.38,2,2,1,1,0,0,No Data,No Data,No Data,No Data,No Data,0,0,No Data,No Data,No Data,No Data,No Data,8,8,100.00,6.07,7.78,4.80,1.54,31.62,1,0,0,No Data,No Data,No Data,No Data,8,8,100.00,0.91,0.00,4.27,0.00,0.00,0.00,0.00,0.00,0.00,100.00,0.00,0.00,3,3,100.00,0.74,10.85,0.00,3,3,100.00,4.42,29.36,100.00,7,0,0,100.00,0.00,0.00,3.99,100.00,0.00,1.38,100.00,16,0,100.00,1.05,0,0,No Data,0,0,No Data,0,0,0,No Data,No Data,No Data,No Data,No Data,No Data,No Data,No Data,No Data,No Data,No Data,No Data,0,0,0,No Data,No Data,No Data,No Data,No Data,No Data,No Data,No Data,No Data,No Data,No Data,No Data,0,0,0,No Data,No Data,No Data,0,0,No Data,No Data,No Data,0,0,No Data,No Data,No Data,No Data,No Data,No Data,No Data,No Data,-103.42,Cukup,-15.84,Cukup,1.34,Kurang,No Data,No Data,No Data,No Data,0.00,0.00,No Data,0.00,0.00,No Data,0.00,0.00,No Data,34992,20026,57.23,34992,20076,57.37,19454,14999,77.10,0,0,No Data,0,0,No Data,,No Data,No Data,No Data,No Data,No Data,No Data,No Data,No Data,No Data,No Data,No Data,No Data,No Data,No Data,No Data,84.80,22.84,No Data,No Data,No Data,0.74,4.42,No Data,No Data,No Data,No Data,No Data,No Data,No Data,No Data,No Data,No Data,No Data,-3.501146,120.876248,0.001
,74,Sulawesi Tenggara,7408,Kolaka Utara,ST,20260909 ST Polres Kolaka Utara Kab. Kolaka Utara,-,-,ST Polres Kolaka Utara Kab. Kolaka Utara,Reguler,Loka Kendari,09-Sep-2026,XLS,0,0,No Data,No Data,No Data,No Data,No Data,No Data,No Data,0,0,No Data,No Data,No Data,No Data,No Data,No Data,No Data,0,0,No Data,No Data,No Data,No Data,No Data,No Data,No Data,0,0,No Data,No Data,No Data,No Data,No Data,No Data,No Data,12,12,100.00,120.00,121.00,124.00,111.00,No Data,100.00,9.36,8.80,15.30,7.02,66.92,1,1,2,2,0,0,No Data,No Data,No Data,No Data,No Data,0,0,No Data,No Data,No Data,No Data,No Data,12,12,100.00,5.34,7.75,4.07,2.07,114.42,2,0,0,No Data,No Data,No Data,No Data,12,12,100.00,0.94,0.00,4.23,0.00,0.00,0.00,0.00,0.00,8.33,83.33,0.00,0.00,5,0,0.00,No Data,No Data,No Data,5,5,100.00,2.93,45.76,100.00,12,1,1,83.33,8.33,8.33,4.00,100.00,0.00,1.68,100.00,24,0,100.00,1.33,0,0,No Data,0,0,No Data,0,0,0,No Data,No Data,No Data,No Data,No Data,No Data,No Data,No Data,No Data,No Data,No Data,No Data,0,0,0,No Data,No Data,No Data,No Data,No Data,No Data,No Data,No Data,No Data,No Data,No Data,No Data,0,0,0,No Data,No Data,No Data,0,0,No Data,No Data,No Data,0,0,No Data,No Data,No Data,No Data,No Data,No Data,No Data,No Data,-105.53,Kurang,-9.36,Baik Sekali,8.92,Cukup,No Data,No Data,No Data,No Data,0.00,0.00,No Data,0.00,0.00,No Data,0.00,0.00,No Data,27276,15276,56.01,27276,187,0.69,18306,6569,35.88,0,0,No Data,0,0,No Data,,No Data,No Data,No Data,No Data,No Data,No Data,No Data,No Data,No Data,No Data,No Data,No Data,No Data,No Data,No Data,120.00,9.36,No Data,No Data,No Data,No Data,2.93,No Data,No Data,No Data,No Data,No Data,No Data,No Data,No Data,No Data,No Data,No Data,-3.501136,120.87626,0.003
,74,Sulawesi Tenggara,7408,Kolaka Utara,ST,20260909 ST RSUD Kolaka Utara Kab. Kolaka Utara,-,-,ST RSUD Kolaka Utara Kab. Kolaka Utara,Reguler,Loka Kendari,09-Sep-2026,IOH,0,0,No Data,No Data,No Data,No Data,No Data,No Data,No Data,0,0,No Data,No Data,No Data,No Data,No Data,No Data,No Data,0,0,No Data,No Data,No Data,No Data,No Data,No Data,No Data,0,0,No Data,No Data,No Data,No Data,No Data,No Data,No Data,12,12,100.00,100.70,104.00,126.00,63.00,No Data,100.00,44.06,44.40,49.50,38.50,26.92,2,2,1,1,0,0,No Data,No Data,No Data,No Data,No Data,0,0,No Data,No Data,No Data,No Data,No Data,12,12,100.00,2.66,3.61,2.12,1.98,69.64,3,0,0,No Data,No Data,No Data,No Data,12,12,100.00,1.21,0.00,4.30,0.00,0.00,0.00,0.00,0.00,0.00,100.00,0.00,0.00,5,5,100.00,0.68,11.83,0.00,5,5,100.00,5.10,25.69,100.00,12,0,0,100.00,0.00,0.00,4.00,100.00,0.00,1.50,100.00,24,0,100.00,1.02,0,0,No Data,0,0,No Data,0,0,0,No Data,No Data,No Data,No Data,No Data,No Data,No Data,No Data,No Data,No Data,No Data,No Data,0,0,0,No Data,No Data,No Data,No Data,No Data,No Data,No Data,No Data,No Data,No Data,No Data,No Data,0,0,0,No Data,No Data,No Data,0,0,No Data,No Data,No Data,0,0,No Data,No Data,No Data,No Data,No Data,No Data,No Data,No Data,-90.97,Baik Sekali,-11.82,Baik,7.80,Kurang,No Data,No Data,No Data,No Data,0.00,0.00,No Data,0.00,0.00,No Data,0.00,0.00,No Data,31342,0,0.00,31342,1784,5.69,31328,16451,52.51,0,0,No Data,0,0,No Data,,No Data,No Data,No Data,No Data,No Data,No Data,No Data,No Data,No Data,No Data,No Data,No Data,No Data,No Data,No Data,100.70,44.06,No Data,No Data,No Data,0.68,5.10,No Data,No Data,No Data,No Data,No Data,No Data,No Data,No Data,No Data,No Data,No Data,-3.509924,120.899864,0.002
,74,Sulawesi Tenggara,7408,Kolaka Utara,ST,20260909 ST RSUD Kolaka Utara Kab. Kolaka Utara,-,-,ST RSUD Kolaka Utara Kab. Kolaka Utara,Reguler,Loka Kendari,09-Sep-2026,TSEL,0,0,No Data,No Data,No Data,No Data,No Data,No Data,No Data,0,0,No Data,No Data,No Data,No Data,No Data,No Data,No Data,0,0,No Data,No Data,No Data,No Data,No Data,No Data,No Data,0,0,No Data,No Data,No Data,No Data,No Data,No Data,No Data,12,12,100.00,149.42,148.00,160.00,137.00,No Data,100.00,42.98,43.30,54.90,32.20,24.83,1,1,2,2,0,0,No Data,No Data,No Data,No Data,No Data,0,0,No Data,No Data,No Data,No Data,No Data,12,12,100.00,5.80,7.83,4.24,1.52,29.83,1,0,0,No Data,No Data,No Data,No Data,12,12,100.00,0.87,0.00,4.30,0.00,0.00,0.00,0.00,0.00,0.00,100.00,0.00,0.00,5,4,80.00,0.88,9.17,0.00,5,5,100.00,5.37,24.00,100.00,12,0,0,100.00,0.00,0.00,3.96,100.00,0.00,1.36,100.00,24,0,100.00,1.06,0,0,No Data,0,0,No Data,0,0,0,No Data,No Data,No Data,No Data,No Data,No Data,No Data,No Data,No Data,No Data,No Data,No Data,0,0,0,No Data,No Data,No Data,No Data,No Data,No Data,No Data,No Data,No Data,No Data,No Data,No Data,0,0,0,No Data,No Data,No Data,0,0,No Data,No Data,No Data,0,0,No Data,No Data,No Data,No Data,No Data,No Data,No Data,No Data,-92.10,Baik,-10.35,Baik,17.71,Baik,No Data,No Data,No Data,No Data,0.00,0.00,No Data,0.00,0.00,No Data,0.00,0.00,No Data,38503,0,0.00,38503,53,0.14,20362,9,0.04,0,0,No Data,0,0,No Data,,No Data,No Data,No Data,No Data,No Data,No Data,No Data,No Data,No Data,No Data,No Data,No Data,No Data,No Data,No Data,149.42,42.98,No Data,No Data,No Data,0.88,5.37,No Data,No Data,No Data,No Data,No Data,No Data,No Data,No Data,No Data,No Data,No Data,-3.509938,120.899861,0.004
,74,Sulawesi Tenggara,7408,Kolaka Utara,ST,20260909 ST RSUD Kolaka Utara Kab. Kolaka Utara,-,-,ST RSUD Kolaka Utara Kab. Kolaka Utara,Reguler,Loka Kendari,09-Sep-2026,XLS,0,0,No Data,No Data,No Data,No Data,No Data,No Data,No Data,0,0,No Data,No Data,No Data,No Data,No Data,No Data,No Data,0,0,No Data,No Data,No Data,No Data,No Data,No Data,No Data,0,0,No Data,No Data,No Data,No Data,No Data,No Data,No Data,8,7,87.50,41.56,41.40,68.20,10.70,No Data,87.50,0.53,0.29,1.50,0.06,178.00,3,3,3,3,0,0,No Data,No Data,No Data,No Data,No Data,0,0,No Data,No Data,No Data,No Data,No Data,8,8,100.00,2.88,8.24,0.14,17.71,153.50,2,0,0,No Data,No Data,No Data,No Data,8,5,62.50,1.71,0.00,4.27,0.00,0.00,0.00,0.00,0.00,0.00,60.00,0.00,0.00,3,0,0.00,No Data,No Data,No Data,1,0,0.00,No Data,No Data,No Data,7,0,0,100.00,0.00,0.00,3.69,100.00,0.00,2.27,100.00,16,7,56.25,2.63,0,0,No Data,0,0,No Data,0,0,0,No Data,No Data,No Data,No Data,No Data,No Data,No Data,No Data,No Data,No Data,No Data,No Data,0,0,0,No Data,No Data,No Data,No Data,No Data,No Data,No Data,No Data,No Data,No Data,No Data,No Data,0,0,0,No Data,No Data,No Data,0,0,No Data,No Data,No Data,0,0,No Data,No Data,No Data,No Data,No Data,No Data,No Data,No Data,-116.05,Kurang,-10.40,Baik,6.48,Kurang,No Data,No Data,No Data,No Data,0.00,0.00,No Data,0.00,0.00,No Data,0.00,0.00,No Data,12998,12998,100.00,12998,14,0.11,12987,9505,73.19,0,0,No Data,0,0,No Data,,No Data,No Data,No Data,No Data,No Data,No Data,No Data,No Data,No Data,No Data,No Data,No Data,No Data,No Data,No Data,41.56,0.53,No Data,No Data,No Data,No Data,No Data,No Data,No Data,No Data,No Data,No Data,No Data,No Data,No Data,No Data,No Data,No Data,-3.509909,120.899866,0.004
